;timestamp;62;63;64;65;76;77;78;81;84;87
0;0.0;0.0;0.0;0.0;0.0;0.0;0.0;0.0;0.0;0.0;0.0
1;0.1;0.0;0.0;0.0;0.0;0.0;0.0;0.0;0.0;0.0;0.0
2;0.12;0.0;0.0;0.0;0.0;0.0;0.0;0.0;0.0;0.0;0.0
3;0.13;0.0;0.0;0.0;0.0;0.0;0.0;0.0;0.0;0.0;0.0
4;0.14;0.0;0.0;0.0;0.0;0.0;0.0;0.0;0.0;0.0;0.0
5;0.15;0.0;0.0;0.0;0.0;0.0;0.0;0.0;0.0;0.0;0.0
6;0.16;0.0;0.0;0.0;0.0;0.0;0.0;0.0;0.0;0.0;0.0
7;0.17;0.0;0.0;0.0;0.0;0.0;0.0;0.0;0.0;0.0;0.0
8;0.18;0.0;0.0;0.0;0.0;0.0;0.0;0.0;0.0;0.0;0.0
9;0.19;0.0;0.0;0.0;0.0;0.0;0.0;0.0;0.0;0.0;0.0
10;0.2;0.0;0.0;0.0;0.0;0.0;0.0;0.0;0.0;0.0;0.0
11;0.21;0.0;0.0;0.0;0.0;0.0;0.0;0.0;0.0;0.0;0.0
12;0.22;0.0;0.0;0.0;0.0;0.0;0.0;0.0;0.0;0.0;0.0
13;0.23;0.0;0.0;0.0;0.0;0.0;0.0;0.0;0.0;0.0;0.0
14;0.24;0.0;0.0;0.0;0.0;0.0;0.0;0.0;0.0;0.0;0.0
15;0.25;0.0;0.0;0.0;0.0;0.0;0.0;0.0;0.0;0.0;0.0
16;0.26;0.0;0.0;0.0;0.0;0.0;0.0;0.0;0.0;0.0;0.0
17;0.28;0.0;0.0;0.0;0.0;0.0;0.0;0.0;0.0;0.0;0.0
18;0.3;0.0;0.0;0.0;0.0;0.0;0.0;0.0;0.0;0.0;0.0
19;0.31;0.0;0.0;0.0;0.0;0.0;0.0;0.0;0.0;0.0;0.0
20;0.32;0.0;0.0;0.0;0.0;0.0;0.0;0.0;0.0;0.0;0.0
21;0.33;0.0;0.0;0.0;0.0;0.0;0.0;0.0;0.0;0.0;0.0
22;0.34;0.0;0.0;0.0;0.0;0.0;0.0;0.0;0.0;0.0;0.0
23;0.35;0.0;0.0;0.0;0.0;0.0;0.0;0.0;0.0;0.0;0.0
24;0.37;0.0;0.0;0.0;0.0;0.0;0.0;0.0;0.0;0.0;0.0
25;0.38;0.0;0.0;0.0;0.0;0.0;0.0;0.0;0.0;0.0;0.0
26;0.4;0.0;0.0;0.0;0.0;0.0;0.0;0.0;0.0;0.0;0.0
27;0.41;0.0;0.0;0.0;0.0;0.0;0.0;0.0;0.0;0.0;0.0
28;0.42;0.0;0.0;0.0;0.0;0.0;0.0;0.0;0.0;0.0;0.0
29;0.43;0.0;0.0;0.0;0.0;0.0;0.0;0.0;0.0;0.0;0.0
30;0.44;0.0;0.0;0.0;0.0;0.0;0.0;0.0;0.0;0.0;0.0
31;0.45;0.0;0.0;0.0;0.0;0.0;0.0;0.0;0.0;0.0;0.0
32;0.46;0.0;0.0;0.0;0.0;0.0;0.0;0.0;0.0;0.0;0.0
33;0.47;0.0;0.0;0.0;0.0;0.0;0.0;0.0;0.0;0.0;0.0
34;0.5;0.0;0.0;0.0;0.0;0.0;0.0;0.0;0.0;0.0;0.0
35;0.51;0.0;0.0;0.0;0.0;0.0;0.0;0.0;0.0;0.0;0.0
36;0.52;0.0;0.0;0.0;0.0;0.0;0.0;0.0;0.0;0.0;0.0
37;0.53;0.0;0.0;0.0;0.0;0.0;0.0;0.0;0.0;0.0;0.0
38;0.54;0.0;0.0;0.0;0.0;0.0;0.0;0.0;0.0;0.0;0.0
39;0.55;0.0;0.0;0.0;0.0;0.0;0.0;0.0;0.0;0.0;0.0
40;0.56;0.0;0.0;0.0;0.0;0.0;0.0;0.0;0.0;0.0;0.0
41;0.57;0.0;0.0;0.0;0.0;0.0;0.0;0.0;0.0;0.0;0.0
42;0.58;0.0;0.0;0.0;0.0;0.0;0.0;0.0;0.0;0.0;0.0
43;0.59;0.0;0.0;0.0;0.0;0.0;0.0;0.0;0.0;0.0;0.0
44;0.7;0.0;0.0;0.0;0.0;0.0;0.0;0.0;0.0;0.0;0.0
45;0.8;0.0;0.0;0.0;0.0;0.0;0.0;0.0;0.0;0.0;0.0
46;1.0;0.0;0.0;0.0;0.0;0.0;0.0;0.0;0.0;0.0;0.0
47;1.1;0.0;0.0;0.0;0.0;0.0;0.0;0.0;0.0;0.0;0.0
48;1.13;0.0;0.0;0.0;0.0;0.0;0.0;0.0;0.0;0.0;0.0
49;1.14;0.0;0.0;0.0;0.0;0.0;0.0;0.0;0.0;0.0;0.0
50;1.15;0.0;0.0;0.0;0.0;0.0;0.0;0.0;0.0;0.0;0.0
51;1.17;0.0;0.0;0.0;0.0;0.0;0.0;0.0;0.0;0.0;0.0
52;1.18;0.0;0.0;0.0;0.0;0.0;0.0;0.0;0.0;0.0;0.0
53;1.19;0.0;0.0;0.0;0.0;0.0;0.0;0.0;0.0;0.0;0.0
54;1.2;0.0;0.0;0.0;0.0;0.0;0.0;0.0;0.0;0.0;0.0
55;1.21;0.0;0.0;0.0;0.0;0.0;0.0;0.0;0.0;0.0;0.0
56;1.22;0.0;0.0;0.0;0.0;0.0;0.0;0.0;0.0;0.0;0.0
57;1.23;0.0;0.0;0.0;0.0;0.0;0.0;0.0;0.0;0.0;0.0
58;1.24;0.0;0.0;0.0;0.0;0.0;0.0;0.0;0.0;0.0;0.0
59;1.25;0.0;0.0;0.0;0.0;0.0;0.0;0.0;0.0;0.0;0.0
60;1.28;0.0;0.0;0.0;0.0;0.0;0.0;0.0;0.0;0.0;0.0
61;1.29;0.0;0.0;0.0;0.0;0.0;0.0;0.0;0.0;0.0;0.0
62;1.3;0.0;0.0;0.0;0.0;0.0;0.0;0.0;0.0;0.0;0.0
63;1.31;0.0;0.0;0.0;0.0;0.0;0.0;0.0;0.0;0.0;0.0
64;1.32;0.0;0.0;0.0;0.0;0.0;0.0;0.0;0.0;0.0;0.0
65;1.33;0.0;0.0;0.0;0.0;0.0;0.0;0.0;0.0;0.0;0.0
66;1.35;0.0;0.0;0.0;0.0;0.0;0.0;0.0;0.0;0.0;0.0
67;1.36;0.0;0.0;0.0;0.0;0.0;0.0;0.0;0.0;0.0;0.0
68;1.38;0.0;0.0;0.0;0.0;0.0;0.0;0.0;0.0;0.0;0.0
69;1.4;0.0;0.0;0.0;0.0;0.0;0.0;0.0;0.0;0.0;0.0
70;1.41;0.0;0.0;0.0;0.0;0.0;0.0;0.0;0.0;0.0;0.0
71;1.42;0.0;0.0;0.0;0.0;0.0;0.0;0.0;0.0;0.0;0.0
72;1.43;0.0;0.0;0.0;0.0;0.0;0.0;0.0;0.0;0.0;0.0
73;1.44;0.0;0.0;0.0;0.0;0.0;0.0;0.0;0.0;0.0;0.0
74;1.45;0.0;0.0;0.0;0.0;0.0;0.0;0.0;0.0;0.0;0.0
75;1.46;0.0;0.0;0.0;0.0;0.0;0.0;0.0;0.0;0.0;0.0
76;1.48;0.0;0.0;0.0;0.0;0.0;0.0;0.0;0.0;0.0;0.0
77;1.49;0.0;0.0;0.0;0.0;0.0;0.0;0.0;0.0;0.0;0.0
78;1.5;0.0;0.0;0.0;0.0;0.0;0.0;0.0;0.0;0.0;0.0
79;1.53;0.0;0.0;0.0;0.0;0.0;0.0;0.0;0.0;0.0;0.0
80;1.55;0.0;0.0;0.0;0.0;0.0;0.0;0.0;0.0;0.0;0.0
81;1.56;0.0;0.0;0.0;0.0;0.0;0.0;0.0;0.0;0.0;0.0
82;1.57;0.0;0.0;0.0;0.0;0.0;0.0;0.0;0.0;0.0;0.0
83;1.58;0.0;0.0;0.0;0.0;0.0;0.0;0.0;0.0;0.0;0.0
84;1.6;0.0;0.0;0.0;0.0;0.0;0.0;0.0;0.0;0.0;0.0
85;1.7;0.0;0.0;0.0;0.0;0.0;0.0;0.0;0.0;0.0;0.0
86;1.8;0.0;0.0;0.0;0.0;0.0;0.0;0.0;0.0;0.0;0.0
87;1.9;0.0;0.0;0.0;0.0;0.0;0.0;0.0;0.0;0.0;0.0
88;2.0;0.0;0.0;0.0;0.0;0.0;0.0;0.0;0.0;0.0;0.0
89;2.1;0.0;0.0;0.0;0.0;0.0;0.0;0.0;0.0;0.0;0.0
90;2.11;0.0;0.0;0.0;0.0;0.0;0.0;0.0;0.0;0.0;0.0
91;2.12;0.0;0.0;0.0;0.0;0.0;0.0;0.0;0.0;0.0;0.0
92;2.13;0.0;0.0;0.0;0.0;0.0;0.0;0.0;0.0;0.0;0.0
93;2.14;0.0;0.0;0.0;0.0;0.0;0.0;0.0;0.0;0.0;0.0
94;2.15;0.0;0.0;0.0;0.0;0.0;0.0;0.0;0.0;0.0;0.0
95;2.16;0.0;0.0;0.0;0.0;0.0;0.0;0.0;0.0;0.0;0.0
96;2.18;0.0;0.0;0.0;0.0;0.0;0.0;0.0;0.0;0.0;0.0
97;2.19;0.0;0.0;0.0;0.0;0.0;0.0;0.0;0.0;0.0;0.0
98;2.2;0.0;0.0;0.0;0.0;0.0;0.0;0.0;0.0;0.0;0.0
99;2.21;0.0;0.0;0.0;0.0;0.0;0.0;0.0;0.0;0.0;0.0
100;2.22;0.0;0.0;0.0;0.0;0.0;0.0;0.0;0.0;0.0;0.0
101;2.23;0.0;0.0;0.0;0.0;0.0;0.0;0.0;0.0;0.0;0.0
102;2.24;0.0;0.0;0.0;0.0;0.0;0.0;0.0;0.0;0.0;0.0
103;2.25;0.0;0.0;0.0;0.0;0.0;0.0;0.0;0.0;0.0;0.0
104;2.26;0.0;0.0;0.0;0.0;0.0;0.0;0.0;0.0;0.0;0.0
105;2.27;0.0;0.0;0.0;0.0;0.0;0.0;0.0;0.0;0.0;0.0
106;2.28;0.0;0.0;0.0;0.0;0.0;0.0;0.0;0.0;0.0;0.0
107;2.29;0.0;0.0;0.0;0.0;0.0;0.0;0.0;0.0;0.0;0.0
108;2.3;0.0;0.0;0.0;0.0;0.0;0.0;0.0;0.0;0.0;0.0
109;2.33;0.0;0.0;0.0;0.0;0.0;0.0;0.0;0.0;0.0;0.0
110;2.34;0.0;0.0;0.0;0.0;0.0;0.0;0.0;0.0;0.0;0.0
111;2.35;0.0;0.0;0.0;0.0;0.0;0.0;0.0;0.0;0.0;0.0
112;2.36;0.0;0.0;0.0;0.0;0.0;0.0;0.0;0.0;0.0;0.0
113;2.38;0.0;0.0;0.0;0.0;0.0;0.0;0.0;0.0;0.0;0.0
114;2.4;0.0;0.0;0.0;0.0;0.0;0.0;0.0;0.0;0.0;0.0
115;2.41;0.0;0.0;0.0;0.0;0.0;0.0;0.0;0.0;0.0;0.0
116;2.42;0.0;0.0;0.0;0.0;0.0;0.0;0.0;0.0;0.0;0.0
117;2.43;0.0;0.0;0.0;0.0;0.0;0.0;0.0;0.0;0.0;0.0
118;2.44;0.0;0.0;0.0;0.0;0.0;0.0;0.0;0.0;0.0;0.0
119;2.45;0.0;0.0;0.0;0.0;0.0;0.0;0.0;0.0;0.0;0.0
120;2.46;0.0;0.0;0.0;0.0;0.0;0.0;0.0;0.0;0.0;0.0
121;2.47;0.0;0.0;0.0;0.0;0.0;0.0;0.0;0.0;0.0;0.0
122;2.49;0.0;0.0;0.0;0.0;0.0;0.0;0.0;0.0;0.0;0.0
123;2.5;0.0;0.0;0.0;0.0;0.0;0.0;0.0;0.0;0.0;0.0
124;2.51;0.0;0.0;0.0;0.0;0.0;0.0;0.0;0.0;0.0;0.0
125;2.52;0.0;0.0;0.0;0.0;0.0;0.0;0.0;0.0;0.0;0.0
126;2.53;0.0;0.0;0.0;0.0;0.0;0.0;0.0;0.0;0.0;0.0
127;2.54;0.0;0.0;0.0;0.0;0.0;0.0;0.0;0.0;0.0;0.0
128;2.55;0.0;0.0;0.0;0.0;0.0;0.0;0.0;0.0;0.0;0.0
129;2.57;0.0;0.0;0.0;0.0;0.0;0.0;0.0;0.0;0.0;0.0
130;2.58;0.0;0.0;0.0;0.0;0.0;0.0;0.0;0.0;0.0;0.0
131;2.59;0.0;0.0;0.0;0.0;0.0;0.0;0.0;0.0;0.0;0.0
132;2.6;0.0;0.0;0.0;0.0;0.0;0.0;0.0;0.0;0.0;0.0
133;2.7;0.0;0.0;0.0;0.0;0.0;0.0;0.0;0.0;0.0;0.0
134;2.9;0.0;0.0;0.0;0.0;0.0;0.0;0.0;0.0;0.0;0.0
135;3.0;0.0;0.0;0.0;0.0;0.0;0.0;0.0;0.0;0.0;0.0
136;3.1;0.0;0.0;0.0;0.0;0.0;0.0;0.0;0.0;0.0;0.0
137;3.11;0.0;0.0;0.0;0.0;0.0;0.0;0.0;0.0;0.0;0.0
138;3.12;0.0;0.0;0.0;0.0;0.0;0.0;0.0;0.0;0.0;0.0
139;3.13;0.0;0.0;0.0;0.0;0.0;0.0;0.0;0.0;0.0;0.0
140;3.14;0.0;0.0;0.0;0.0;0.0;0.0;0.0;0.0;0.0;0.0
141;3.15;0.0;0.0;0.0;0.0;0.0;0.0;0.0;0.0;0.0;0.0
142;3.16;0.0;0.0;0.0;0.0;0.0;0.0;0.0;0.0;0.0;0.0
143;3.18;0.0;0.0;0.0;0.0;0.0;0.0;0.0;0.0;0.0;0.0
144;3.19;0.0;0.0;0.0;0.0;0.0;0.0;0.0;0.0;0.0;0.0
145;3.2;0.0;0.0;0.0;0.0;0.0;0.0;0.0;0.0;0.0;0.0
146;3.21;0.0;0.0;0.0;0.0;0.0;0.0;0.0;0.0;0.0;0.0
147;3.22;0.0;0.0;0.0;0.0;0.0;0.0;0.0;0.0;0.0;0.0
148;3.23;0.0;0.0;0.0;0.0;0.0;0.0;0.0;0.0;0.0;0.0
149;3.24;0.0;0.0;0.0;0.0;0.0;0.0;0.0;0.0;0.0;0.0
150;3.25;0.0;0.0;0.0;0.0;0.0;0.0;0.0;0.0;0.0;0.0
151;3.26;0.0;0.0;0.0;0.0;0.0;0.0;0.0;0.0;0.0;0.0
152;3.27;0.0;0.0;0.0;0.0;0.0;0.0;0.0;0.0;0.0;0.0
153;3.28;0.0;0.0;0.0;0.0;0.0;0.0;0.0;0.0;0.0;0.0
154;3.29;0.0;0.0;0.0;0.0;0.0;0.0;0.0;0.0;0.0;0.0
155;3.3;0.0;0.0;0.0;0.0;0.0;0.0;0.0;0.0;0.0;0.0
156;3.31;0.0;0.0;0.0;0.0;0.0;0.0;0.0;0.0;0.0;0.0
157;3.32;0.0;0.0;0.0;0.0;0.0;0.0;0.0;0.0;0.0;0.0
158;3.33;0.0;0.0;0.0;0.0;0.0;0.0;0.0;0.0;0.0;0.0
159;3.34;0.0;0.0;0.0;0.0;0.0;0.0;0.0;0.0;0.0;0.0
160;3.35;0.0;0.0;0.0;0.0;0.0;0.0;0.0;0.0;0.0;0.0
161;3.36;0.0;0.0;0.0;0.0;0.0;0.0;0.0;0.0;0.0;0.0
162;3.37;0.0;0.0;0.0;0.0;0.0;0.0;0.0;0.0;0.0;0.0
163;3.38;0.0;0.0;0.0;0.0;0.0;0.0;0.0;0.0;0.0;0.0
164;3.39;0.0;0.0;0.0;0.0;0.0;0.0;0.0;0.0;0.0;0.0
165;3.4;0.0;0.0;0.0;0.0;0.0;0.0;0.0;0.0;0.0;0.0
166;3.41;0.0;0.0;0.0;0.0;0.0;0.0;0.0;0.0;0.0;0.0
167;3.42;0.0;0.0;0.0;0.0;0.0;0.0;0.0;0.0;0.0;0.0
168;3.43;0.0;0.0;0.0;0.0;0.0;0.0;0.0;0.0;0.0;0.0
169;3.44;0.0;0.0;0.0;0.0;0.0;0.0;0.0;0.0;0.0;0.0
170;3.45;0.0;0.0;0.0;0.0;0.0;0.0;0.0;0.0;0.0;0.0
171;3.46;0.0;0.0;0.0;0.0;0.0;0.0;0.0;0.0;0.0;0.0
172;3.48;0.0;0.0;0.0;0.0;0.0;0.0;0.0;0.0;0.0;0.0
173;3.49;0.0;0.0;0.0;0.0;0.0;0.0;0.0;0.0;0.0;0.0
174;3.5;0.0;0.0;0.0;0.0;0.0;0.0;0.0;0.0;0.0;0.0
175;3.51;0.0;0.0;0.0;0.0;0.0;0.0;0.0;0.0;0.0;0.0
176;3.53;0.0;0.0;0.0;0.0;0.0;0.0;0.0;0.0;0.0;0.0
177;3.54;0.0;0.0;0.0;0.0;0.0;0.0;0.0;0.0;0.0;0.0
178;3.55;0.0;0.0;0.0;0.0;0.0;0.0;0.0;0.0;0.0;0.0
179;3.56;0.0;0.0;0.0;0.0;0.0;0.0;0.0;0.0;0.0;0.0
180;3.58;0.0;0.0;0.0;0.0;0.0;0.0;0.0;0.0;0.0;0.0
181;3.59;0.0;0.0;0.0;0.0;0.0;0.0;0.0;0.0;0.0;0.0
182;3.6;0.0;0.0;0.0;0.0;0.0;0.0;0.0;0.0;0.0;0.0
183;3.7;0.0;0.0;0.0;0.0;0.0;0.0;0.0;0.0;0.0;0.0
184;3.8;0.0;0.0;0.0;0.0;0.0;0.0;0.0;0.0;0.0;0.0
185;3.9;0.0;0.0;0.0;0.0;0.0;0.0;0.0;0.0;0.0;0.0
186;4.0;0.0;0.0;0.0;0.0;0.0;0.0;0.0;0.0;0.0;0.0
187;4.1;0.0;0.0;0.0;0.0;0.0;0.0;0.0;0.0;0.0;0.0
188;4.11;0.0;0.0;0.0;0.0;0.0;0.0;0.0;0.0;0.0;0.0
189;4.12;0.0;0.0;0.0;0.0;0.0;0.0;0.0;0.0;0.0;0.0
190;4.13;0.0;0.0;0.0;0.0;0.0;0.0;0.0;0.0;0.0;0.0
191;4.14;0.0;0.0;0.0;0.0;0.0;0.0;0.0;0.0;0.0;0.0
192;4.15;0.0;0.0;0.0;0.0;0.0;0.0;0.0;0.0;0.0;0.0
193;4.16;0.0;0.0;0.0;0.0;0.0;0.0;0.0;0.0;0.0;0.0
194;4.17;0.0;0.0;0.0;0.0;0.0;0.0;0.0;0.0;0.0;0.0
195;4.18;0.0;0.0;0.0;0.0;0.0;0.0;0.0;0.0;0.0;0.0
196;4.19;0.0;0.0;0.0;0.0;0.0;0.0;0.0;0.0;0.0;0.0
197;4.2;0.0;0.0;0.0;0.0;0.0;0.0;0.0;0.0;0.0;0.0
198;4.21;0.0;0.0;0.0;0.0;0.0;0.0;0.0;0.0;0.0;0.0
199;4.22;0.0;0.0;0.0;0.0;0.0;0.0;0.0;0.0;0.0;0.0
200;4.23;0.0;0.0;0.0;0.0;0.0;0.0;0.0;0.0;0.0;0.0
201;4.24;0.0;0.0;0.0;0.0;0.0;0.0;0.0;0.0;0.0;0.0
202;4.25;0.0;0.0;0.0;0.0;0.0;0.0;0.0;0.0;0.0;0.0
203;4.26;0.0;0.0;0.0;0.0;0.0;0.0;0.0;0.0;0.0;0.0
204;4.27;0.0;0.0;0.0;0.0;0.0;0.0;0.0;0.0;0.0;0.0
205;4.28;0.0;0.0;0.0;0.0;0.0;0.0;0.0;0.0;0.0;0.0
206;4.29;0.0;0.0;0.0;0.0;0.0;0.0;0.0;0.0;0.0;0.0
207;4.3;0.0;0.0;0.0;0.0;0.0;0.0;0.0;0.0;0.0;0.0
208;4.31;0.0;0.0;0.0;0.0;0.0;0.0;0.0;0.0;0.0;0.0
209;4.32;0.0;0.0;0.0;0.0;0.0;0.0;0.0;0.0;0.0;0.0
210;4.33;0.0;0.0;0.0;0.0;0.0;0.0;0.0;0.0;0.0;0.0
211;4.34;0.0;0.0;0.0;0.0;0.0;0.0;0.0;0.0;0.0;0.0
212;4.35;0.0;0.0;0.0;0.0;0.0;0.0;0.0;0.0;0.0;0.0
213;4.36;0.0;0.0;0.0;0.0;0.0;0.0;0.0;0.0;0.0;0.0
214;4.37;0.0;0.0;0.0;0.0;0.0;0.0;0.0;0.0;0.0;0.0
215;4.38;0.0;0.0;0.0;0.0;0.0;0.0;0.0;0.0;0.0;0.0
216;4.39;0.0;0.0;0.0;0.0;0.0;0.0;0.0;0.0;0.0;0.0
217;4.4;0.0;0.0;0.0;0.0;0.0;0.0;0.0;0.0;0.0;0.0
218;4.41;0.0;0.0;0.0;0.0;0.0;0.0;0.0;0.0;0.0;0.0
219;4.42;0.0;0.0;0.0;0.0;0.0;0.0;0.0;0.0;0.0;0.0
220;4.43;0.0;0.0;0.0;0.0;0.0;0.0;0.0;0.0;0.0;0.0
221;4.44;0.0;0.0;0.0;0.0;0.0;0.0;0.0;0.0;0.0;0.0
222;4.45;0.0;0.0;0.0;0.0;0.0;0.0;0.0;0.0;0.0;0.0
223;4.46;0.0;0.0;0.0;0.0;0.0;0.0;0.0;0.0;0.0;0.0
224;4.47;0.0;0.0;0.0;0.0;0.0;0.0;0.0;0.0;0.0;0.0
225;4.48;0.0;0.0;0.0;0.0;0.0;0.0;0.0;0.0;0.0;0.0
226;4.49;0.0;0.0;0.0;0.0;0.0;0.0;0.0;0.0;0.0;0.0
227;4.5;0.0;0.0;0.0;0.0;0.0;0.0;0.0;0.0;0.0;0.0
228;4.51;0.0;0.0;0.0;0.0;0.0;0.0;0.0;0.0;0.0;0.0
229;4.52;0.0;0.0;0.0;0.0;0.0;0.0;0.0;0.0;0.0;0.0
230;4.53;0.0;0.0;0.0;0.0;0.0;0.0;0.0;0.0;0.0;0.0
231;4.54;0.0;0.0;0.0;0.0;0.0;0.0;0.0;0.0;0.0;0.0
232;4.55;0.0;0.0;0.0;0.0;0.0;0.0;0.0;0.0;0.0;0.0
233;4.57;0.0;0.0;0.0;0.0;0.0;0.0;0.0;0.0;0.0;0.0
234;4.58;0.0;0.0;0.0;0.0;0.0;0.0;0.0;0.0;0.0;0.0
235;4.59;0.0;0.0;0.0;0.0;0.0;0.0;0.0;0.0;0.0;0.0
236;4.6;0.0;0.0;0.0;0.0;0.0;0.0;0.0;0.0;0.0;0.0
237;4.7;0.0;0.0;0.0;0.0;0.0;0.0;0.0;0.0;0.0;0.0
238;4.8;0.0;0.0;0.0;0.0;0.0;0.0;0.0;0.0;0.0;0.0
239;4.9;0.0;0.0;0.0;0.0;0.0;0.0;0.0;0.0;0.0;0.0
240;5.0;0.0;0.0;0.0;0.0;0.0;0.0;0.0;0.0;0.0;0.0
241;5.1;0.0;0.0;0.0;0.0;0.0;0.0;0.0;0.0;0.0;0.0
242;5.11;0.0;0.0;0.0;0.0;0.0;0.0;0.0;0.0;0.0;0.0
243;5.12;0.0;0.0;0.0;0.0;0.0;0.0;0.0;0.0;0.0;0.0
244;5.13;0.0;0.0;0.0;0.0;0.0;0.0;0.0;0.0;0.0;0.0
245;5.14;0.0;0.0;0.0;0.0;0.0;0.0;0.0;0.0;0.0;0.0
246;5.15;0.0;0.0;0.0;0.0;0.0;0.0;0.0;0.0;0.0;0.0
247;5.16;0.0;0.0;0.0;0.0;0.0;0.0;0.0;0.0;0.0;0.0
248;5.17;0.0;0.0;0.0;0.0;0.0;0.0;0.0;0.0;0.0;0.0
249;5.18;0.0;0.0;0.0;0.0;0.0;0.0;0.0;0.0;0.0;0.0
250;5.19;0.0;0.0;0.0;0.0;0.0;0.0;0.0;0.0;0.0;0.0
251;5.2;0.0;0.0;0.0;0.0;0.0;0.0;0.0;0.0;0.0;0.0
252;5.21;0.0;0.0;0.0;0.0;0.0;0.0;0.0;0.0;0.0;0.0
253;5.22;0.0;0.0;0.0;0.0;0.0;0.0;0.0;0.0;0.0;0.0
254;5.23;0.0;0.0;0.0;0.0;0.0;0.0;0.0;0.0;0.0;0.0
255;5.24;0.0;0.0;0.0;0.0;0.0;0.0;0.0;0.0;0.0;0.0
256;5.25;0.0;0.0;0.0;0.0;0.0;0.0;0.0;0.0;0.0;0.0
257;5.26;0.0;0.0;0.0;0.0;0.0;0.0;0.0;0.0;0.0;0.0
258;5.27;0.0;0.0;0.0;0.0;0.0;0.0;0.0;0.0;0.0;0.0
259;5.28;0.0;0.0;0.0;0.0;0.0;0.0;0.0;0.0;0.0;0.0
260;5.29;0.0;0.0;0.0;0.0;0.0;0.0;0.0;0.0;0.0;0.0
261;5.3;0.0;0.0;0.0;0.0;0.0;0.0;0.0;0.0;0.0;0.0
262;5.31;0.0;0.0;0.0;0.0;0.0;0.0;0.0;0.0;0.0;0.0
263;5.32;0.0;0.0;0.0;0.0;0.0;0.0;0.0;0.0;0.0;0.0
264;5.33;0.0;0.0;0.0;0.0;0.0;0.0;0.0;0.0;0.0;0.0
265;5.34;0.0;0.0;0.0;0.0;0.0;0.0;0.0;0.0;0.0;0.0
266;5.35;0.0;0.0;0.0;0.0;0.0;0.0;0.0;0.0;0.0;0.0
267;5.36;0.0;0.0;0.0;0.0;0.0;0.0;0.0;0.0;0.0;0.0
268;5.37;0.0;0.0;0.0;0.0;0.0;0.0;0.0;0.0;0.0;0.0
269;5.38;0.0;0.0;0.0;0.0;0.0;0.0;0.0;0.0;0.0;0.0
270;5.39;0.0;0.0;0.0;0.0;0.0;0.0;0.0;0.0;0.0;0.0
271;5.4;0.0;0.0;0.0;0.0;0.0;0.0;0.0;0.0;0.0;0.0
272;5.41;0.0;0.0;0.0;0.0;0.0;0.0;0.0;0.0;0.0;0.0
273;5.42;0.0;0.0;0.0;0.0;0.0;0.0;0.0;0.0;0.0;0.0
274;5.43;0.0;0.0;0.0;0.0;0.0;0.0;0.0;0.0;0.0;0.0
275;5.44;0.0;0.0;0.0;0.0;0.0;0.0;0.0;0.0;0.0;0.0
276;5.45;0.0;0.0;0.0;0.0;0.0;0.0;0.0;0.0;0.0;0.0
277;5.46;0.0;0.0;0.0;0.0;0.0;0.0;0.0;0.0;0.0;0.0
278;5.47;0.0;0.0;0.0;0.0;0.0;0.0;0.0;0.0;0.0;0.0
279;5.48;0.0;0.0;0.0;0.0;0.0;0.0;0.0;0.0;0.0;0.0
280;5.5;0.0;0.0;0.0;0.0;0.0;0.0;0.0;0.0;0.0;0.0
281;5.51;0.0;0.0;0.0;0.0;0.0;0.0;0.0;0.0;0.0;0.0
282;5.52;0.0;0.0;0.0;0.0;0.0;0.0;0.0;0.0;0.0;0.0
283;5.53;0.0;0.0;0.0;0.0;0.0;0.0;0.0;0.0;0.0;0.0
284;5.54;0.0;0.0;0.0;0.0;0.0;0.0;0.0;0.0;0.0;0.0
285;5.55;0.0;0.0;0.0;0.0;0.0;0.0;0.0;0.0;0.0;0.0
286;5.56;0.0;0.0;0.0;0.0;0.0;0.0;0.0;0.0;0.0;0.0
287;5.57;0.0;0.0;0.0;0.0;0.0;0.0;0.0;0.0;0.0;0.0
288;5.58;0.0;0.0;0.0;0.0;0.0;0.0;0.0;0.0;0.0;0.0
289;5.59;0.0;0.0;0.0;0.0;0.0;0.0;0.0;0.0;0.0;0.0
290;5.6;0.0;0.0;0.0;0.0;0.0;0.0;0.0;0.0;0.0;0.0
291;5.7;0.0;0.0;0.0;0.0;0.0;0.0;0.0;0.0;0.0;0.0
292;5.8;0.0;0.0;0.0;0.0;0.0;0.0;0.0;0.0;0.0;0.0
293;5.9;0.0;0.0;0.0;0.0;0.0;0.0;0.0;0.0;0.0;0.0
294;6.0;0.0;0.0;0.0;0.0;0.0;0.0;0.0;0.0;0.0;0.0
295;6.1;0.0;0.0;0.0;0.0;0.0;0.0;0.0;0.0;0.0;0.0
296;6.11;0.0;0.0;0.0;0.0;0.0;0.0;0.0;0.0;0.0;0.0
297;6.12;0.0;0.0;0.0;0.0;0.0;0.0;0.0;0.0;0.0;0.0
298;6.13;0.0;0.0;0.0;0.0;0.0;0.0;0.0;0.0;0.0;0.0
299;6.14;0.0;0.0;0.0;0.0;0.0;0.0;0.0;0.0;0.0;0.0
300;6.15;0.0;0.0;0.0;0.0;0.0;0.0;0.0;0.0;0.0;0.0
301;6.16;0.0;0.0;0.0;0.0;0.0;0.0;0.0;0.0;0.0;0.0
302;6.17;0.0;0.0;0.0;0.0;0.0;0.0;0.0;0.0;0.0;0.0
303;6.18;0.0;0.0;0.0;0.0;0.0;0.0;0.0;0.0;0.0;0.0
304;6.19;0.0;0.0;0.0;0.0;0.0;0.0;0.0;0.0;0.0;0.0
305;6.2;0.0;0.0;0.0;0.0;0.0;0.0;0.0;0.0;0.0;0.0
306;6.21;0.0;0.0;0.0;0.0;0.0;0.0;0.0;0.0;0.0;0.0
307;6.22;0.0;0.0;0.0;0.0;0.0;0.0;0.0;0.0;0.0;0.0
308;6.23;0.0;0.0;0.0;0.0;0.0;0.0;0.0;0.0;0.0;0.0
309;6.24;0.0;0.0;0.0;0.0;0.0;0.0;0.0;0.0;0.0;0.0
310;6.25;0.0;0.0;0.0;0.0;0.0;0.0;0.0;0.0;0.0;0.0
311;6.26;0.0;0.0;0.0;0.0;0.0;0.0;1.0;0.0;0.0;0.0
312;6.27;0.0;0.0;0.0;0.0;0.0;0.0;1.0;0.0;0.0;0.0
313;6.28;0.0;0.0;0.0;0.0;0.0;0.0;1.0;0.0;0.0;0.0
314;6.29;0.0;0.0;0.0;0.0;0.0;0.0;1.0;0.0;0.0;0.0
315;6.3;0.0;0.0;0.0;0.0;0.0;0.0;1.0;0.0;0.0;0.0
316;6.31;0.0;0.0;0.0;0.0;0.0;0.0;1.0;0.0;0.0;0.0
317;6.32;0.0;0.0;0.0;0.0;0.0;0.0;1.0;0.0;0.0;0.0
318;6.33;0.0;0.0;0.0;0.0;0.0;0.0;1.0;0.0;0.0;0.0
319;6.34;0.0;0.0;0.0;0.0;0.0;0.0;1.0;0.0;0.0;0.0
320;6.35;0.0;0.0;0.0;0.0;0.0;0.0;1.0;0.0;0.0;0.0
321;6.36;0.0;0.0;0.0;0.0;0.0;0.0;1.0;0.0;0.0;0.0
322;6.37;0.0;0.0;0.0;0.0;0.0;0.0;1.0;0.0;0.0;0.0
323;6.38;0.0;0.0;0.0;0.0;0.0;0.0;1.0;0.0;0.0;0.0
324;6.39;0.0;0.0;0.0;0.0;0.0;0.0;1.0;0.0;0.0;0.0
325;6.4;0.0;0.0;0.0;0.0;0.0;0.0;1.0;0.0;0.0;0.0
326;6.41;0.0;0.0;0.0;0.0;0.0;0.0;1.0;0.0;0.0;0.0
327;6.42;0.0;0.0;0.0;0.0;0.0;0.0;1.0;0.0;0.0;0.0
328;6.43;0.0;0.0;0.0;0.0;0.0;0.0;1.0;0.0;0.0;0.0
329;6.44;0.0;0.0;0.0;0.0;0.0;0.0;1.0;0.0;0.0;0.0
330;6.45;0.0;0.0;0.0;0.0;0.0;0.0;1.0;0.0;0.0;0.0
331;6.46;0.0;0.0;0.0;0.0;0.0;0.0;1.0;0.0;0.0;0.0
332;6.47;0.0;0.0;0.0;0.0;0.0;0.0;1.0;0.0;0.0;0.0
333;6.48;0.0;0.0;0.0;0.0;0.0;0.0;1.0;0.0;0.0;0.0
334;6.49;0.0;0.0;0.0;0.0;0.0;0.0;1.0;0.0;0.0;0.0
335;6.5;0.0;0.0;0.0;0.0;0.0;0.0;1.0;0.0;0.0;0.0
336;6.51;0.0;0.0;0.0;0.0;0.0;0.0;1.0;0.0;0.0;0.0
337;6.52;0.0;0.0;0.0;0.0;0.0;0.0;1.0;0.0;0.0;0.0
338;6.53;0.0;0.0;0.0;0.0;0.0;0.0;1.0;0.0;0.0;0.0
339;6.54;0.0;0.0;0.0;0.0;0.0;0.0;1.0;0.0;0.0;0.0
340;6.55;0.0;0.0;0.0;0.0;0.0;0.0;1.0;0.0;0.0;0.0
341;6.56;0.0;0.0;0.0;0.0;0.0;0.0;1.0;0.0;0.0;0.0
342;6.57;0.0;0.0;0.0;0.0;0.0;0.0;1.0;0.0;0.0;0.0
343;6.58;0.0;0.0;0.0;0.0;0.0;0.0;1.0;0.0;0.0;0.0
344;6.59;0.0;0.0;0.0;0.0;0.0;0.0;1.0;0.0;0.0;0.0
345;6.6;0.0;0.0;0.0;0.0;0.0;0.0;1.0;0.0;0.0;0.0
346;6.7;0.0;0.0;0.0;0.0;0.0;0.0;1.0;0.0;0.0;0.0
347;6.8;0.0;0.0;0.0;0.0;0.0;0.0;1.0;0.0;0.0;0.0
348;6.9;0.0;0.0;0.0;0.0;0.0;0.0;1.0;0.0;0.0;0.0
349;7.0;0.0;0.0;0.0;0.0;0.0;0.0;1.0;0.0;0.0;0.0
350;7.1;0.0;0.0;0.0;0.0;0.0;0.0;1.0;0.0;0.0;0.0
351;7.11;0.0;0.0;0.0;0.0;0.0;0.0;1.0;0.0;0.0;0.0
352;7.12;0.0;0.0;0.0;0.0;0.0;0.0;1.0;0.0;0.0;0.0
353;7.13;0.0;0.0;0.0;0.0;0.0;0.0;1.0;0.0;0.0;0.0
354;7.14;0.0;0.0;0.0;0.0;0.0;0.0;1.0;0.0;0.0;0.0
355;7.15;0.0;0.0;0.0;0.0;0.0;0.0;1.0;0.0;0.0;0.0
356;7.16;0.0;0.0;0.0;0.0;0.0;0.0;1.0;0.0;0.0;0.0
357;7.17;0.0;0.0;0.0;0.0;0.0;0.0;1.0;0.0;0.0;0.0
358;7.18;0.0;0.0;0.0;0.0;0.0;0.0;1.0;0.0;0.0;0.0
359;7.19;0.0;0.0;0.0;0.0;0.0;0.0;1.0;0.0;0.0;0.0
360;7.2;0.0;0.0;0.0;0.0;0.0;0.0;1.0;0.0;0.0;0.0
361;7.21;0.0;0.0;0.0;0.0;0.0;0.0;1.0;0.0;0.0;0.0
362;7.22;0.0;0.0;0.0;0.0;0.0;0.0;1.0;0.0;0.0;0.0
363;7.23;0.0;0.0;0.0;0.0;0.0;0.0;1.0;0.0;0.0;0.0
364;7.24;0.0;0.0;0.0;0.0;0.0;0.0;1.0;0.0;0.0;0.0
365;7.25;0.0;0.0;0.0;0.0;0.0;0.0;1.0;0.0;0.0;0.0
366;7.26;0.0;0.0;0.0;0.0;0.0;0.0;1.0;0.0;0.0;0.0
367;7.27;0.0;0.0;0.0;0.0;0.0;0.0;1.0;0.0;0.0;0.0
368;7.28;0.0;0.0;0.0;0.0;0.0;0.0;1.0;0.0;0.0;0.0
369;7.29;0.0;0.0;0.0;0.0;0.0;0.0;1.0;0.0;0.0;0.0
370;7.3;0.0;0.0;0.0;0.0;0.0;0.0;1.0;0.0;0.0;0.0
371;7.31;0.0;0.0;0.0;0.0;0.0;0.0;1.0;0.0;0.0;0.0
372;7.32;0.0;0.0;0.0;0.0;0.0;0.0;1.0;0.0;0.0;2.0
373;7.33;0.0;0.0;0.0;0.0;0.0;0.0;1.0;0.0;0.0;2.0
374;7.34;0.0;0.0;0.0;0.0;0.0;0.0;1.0;0.0;0.0;2.0
375;7.35;0.0;0.0;0.0;0.0;0.0;0.0;1.0;0.0;0.0;2.0
376;7.36;0.0;0.0;0.0;0.0;0.0;0.0;1.0;0.0;0.0;2.0
377;7.37;0.0;0.0;0.0;0.0;0.0;0.0;1.0;0.0;0.0;2.0
378;7.38;0.0;0.0;0.0;0.0;0.0;0.0;1.0;0.0;0.0;2.0
379;7.39;0.0;0.0;0.0;0.0;1.0;0.0;1.0;0.0;0.0;2.0
380;7.4;0.0;0.0;0.0;0.0;1.0;0.0;1.0;0.0;0.0;2.0
381;7.41;0.0;0.0;0.0;0.0;1.0;0.0;1.0;0.0;0.0;2.0
382;7.42;0.0;0.0;0.0;0.0;1.0;0.0;1.0;0.0;0.0;2.0
383;7.43;0.0;0.0;0.0;0.0;1.0;0.0;1.0;0.0;0.0;2.0
384;7.44;0.0;0.0;0.0;0.0;1.0;0.0;1.0;0.0;0.0;2.0
385;7.45;0.0;0.0;0.0;0.0;1.0;0.0;1.0;0.0;0.0;2.0
386;7.46;0.0;0.0;0.0;0.0;1.0;0.0;1.0;0.0;0.0;2.0
387;7.47;0.0;0.0;0.0;0.0;1.0;0.0;1.0;0.0;0.0;2.0
388;7.48;0.0;0.0;0.0;0.0;1.0;0.0;1.0;0.0;0.0;2.0
389;7.49;0.0;0.0;0.0;0.0;1.0;0.0;0.0;0.0;0.0;2.0
390;7.5;0.0;0.0;0.0;0.0;1.0;0.0;0.0;0.0;0.0;2.0
391;7.51;0.0;0.0;0.0;0.0;1.0;0.0;0.0;0.0;0.0;2.0
392;7.52;0.0;0.0;0.0;0.0;1.0;0.0;0.0;0.0;0.0;2.0
393;7.53;0.0;0.0;0.0;0.0;1.0;0.0;0.0;0.0;0.0;2.0
394;7.54;0.0;0.0;0.0;0.0;1.0;0.0;0.0;0.0;0.0;2.0
395;7.55;0.0;0.0;0.0;0.0;1.0;0.0;0.0;0.0;0.0;2.0
396;7.56;1.0;1.0;1.0;1.0;1.0;0.0;0.0;0.0;0.0;2.0
397;7.57;1.0;1.0;1.0;1.0;1.0;0.0;0.0;0.0;0.0;2.0
398;7.58;1.0;1.0;1.0;1.0;1.0;0.0;0.0;0.0;0.0;2.0
399;7.59;1.0;1.0;1.0;1.0;1.0;0.0;0.0;0.0;0.0;2.0
400;7.6;1.0;1.0;1.0;1.0;1.0;0.0;0.0;0.0;0.0;2.0
401;7.7;1.0;1.0;1.0;1.0;1.0;0.0;1.0;0.0;0.0;2.0
402;7.8;1.0;1.0;1.0;1.0;1.0;0.0;1.0;0.0;0.0;2.0
403;7.9;1.0;1.0;1.0;1.0;1.0;0.0;1.0;0.0;0.0;2.0
404;8.0;1.0;1.0;1.0;1.0;1.0;0.0;1.0;0.0;0.0;2.0
405;8.1;1.0;1.0;1.0;1.0;1.0;0.0;1.0;0.0;0.0;2.0
406;8.11;1.0;1.0;1.0;1.0;1.0;0.0;1.0;0.0;0.0;2.0
407;8.12;1.0;1.0;1.0;1.0;1.0;0.0;1.0;0.0;0.0;2.0
408;8.13;1.0;1.0;1.0;1.0;1.0;0.0;1.0;0.0;0.0;2.0
409;8.14;1.0;1.0;1.0;1.0;1.0;0.0;1.0;0.0;0.0;2.0
410;8.15;1.0;1.0;1.0;1.0;1.0;0.0;1.0;0.0;0.0;2.0
411;8.16;1.0;1.0;1.0;1.0;0.0;0.0;0.0;0.0;0.0;2.0
412;8.17;1.0;1.0;1.0;1.0;0.0;0.0;0.0;0.0;0.0;2.0
413;8.18;1.0;1.0;1.0;1.0;0.0;0.0;0.0;0.0;0.0;2.0
414;8.19;1.0;1.0;1.0;1.0;0.0;0.0;0.0;0.0;0.0;2.0
415;8.2;1.0;1.0;1.0;1.0;0.0;0.0;0.0;0.0;0.0;2.0
416;8.21;1.0;1.0;1.0;1.0;0.0;0.0;0.0;0.0;0.0;2.0
417;8.22;1.0;1.0;1.0;1.0;0.0;0.0;0.0;0.0;0.0;2.0
418;8.23;1.0;1.0;1.0;1.0;0.0;0.0;0.0;0.0;0.0;2.0
419;8.24;1.0;1.0;1.0;1.0;0.0;0.0;0.0;0.0;0.0;2.0
420;8.25;1.0;1.0;1.0;1.0;0.0;0.0;0.0;0.0;0.0;2.0
421;8.26;1.0;1.0;1.0;1.0;0.0;0.0;0.0;0.0;0.0;2.0
422;8.27;1.0;1.0;1.0;1.0;0.0;0.0;0.0;0.0;0.0;2.0
423;8.28;1.0;1.0;1.0;1.0;0.0;0.0;0.0;0.0;0.0;2.0
424;8.29;1.0;1.0;1.0;1.0;0.0;0.0;0.0;0.0;0.0;2.0
425;8.3;1.0;1.0;1.0;1.0;0.0;0.0;1.0;0.0;0.0;2.0
426;8.31;1.0;1.0;1.0;1.0;0.0;0.0;1.0;0.0;0.0;2.0
427;8.32;1.0;1.0;1.0;1.0;0.0;0.0;1.0;0.0;0.0;2.0
428;8.33;1.0;1.0;1.0;1.0;0.0;0.0;1.0;0.0;0.0;2.0
429;8.34;1.0;1.0;1.0;1.0;0.0;0.0;1.0;0.0;0.0;2.0
430;8.35;1.0;1.0;1.0;1.0;0.0;0.0;1.0;0.0;0.0;2.0
431;8.36;1.0;1.0;1.0;1.0;0.0;0.0;1.0;0.0;0.0;2.0
432;8.37;1.0;1.0;1.0;1.0;0.0;0.0;1.0;0.0;0.0;2.0
433;8.38;1.0;1.0;1.0;1.0;0.0;0.0;1.0;0.0;0.0;2.0
434;8.39;1.0;1.0;1.0;1.0;0.0;0.0;1.0;0.0;0.0;2.0
435;8.4;1.0;1.0;1.0;1.0;0.0;0.0;1.0;0.0;0.0;2.0
436;8.41;1.0;1.0;1.0;1.0;0.0;0.0;1.0;0.0;0.0;2.0
437;8.42;1.0;1.0;1.0;1.0;0.0;0.0;1.0;0.0;0.0;2.0
438;8.43;1.0;1.0;1.0;1.0;0.0;0.0;1.0;0.0;0.0;2.0
439;8.44;1.0;1.0;1.0;1.0;0.0;0.0;1.0;0.0;0.0;2.0
440;8.45;1.0;1.0;1.0;1.0;0.0;0.0;1.0;0.0;0.0;2.0
441;8.46;1.0;1.0;1.0;1.0;0.0;0.0;1.0;0.0;0.0;2.0
442;8.47;1.0;1.0;1.0;1.0;0.0;0.0;1.0;0.0;0.0;2.0
443;8.48;1.0;1.0;1.0;1.0;0.0;0.0;1.0;0.0;0.0;2.0
444;8.49;1.0;1.0;1.0;1.0;0.0;0.0;1.0;0.0;0.0;2.0
445;8.5;1.0;1.0;1.0;1.0;0.0;0.0;1.0;0.0;0.0;2.0
446;8.51;1.0;1.0;1.0;1.0;0.0;0.0;1.0;0.0;0.0;2.0
447;8.52;1.0;1.0;1.0;1.0;0.0;0.0;1.0;0.0;0.0;2.0
448;8.53;1.0;1.0;1.0;1.0;0.0;0.0;1.0;0.0;0.0;2.0
449;8.54;1.0;1.0;1.0;1.0;0.0;0.0;1.0;0.0;0.0;2.0
450;8.55;1.0;1.0;1.0;1.0;0.0;0.0;1.0;0.0;0.0;2.0
451;8.56;1.0;1.0;1.0;1.0;0.0;0.0;1.0;0.0;0.0;2.0
452;8.57;1.0;1.0;1.0;1.0;0.0;0.0;1.0;0.0;0.0;2.0
453;8.58;1.0;1.0;1.0;1.0;0.0;0.0;1.0;0.0;0.0;2.0
454;8.59;1.0;1.0;1.0;1.0;0.0;0.0;1.0;0.0;0.0;2.0
455;8.6;1.0;1.0;1.0;1.0;0.0;0.0;1.0;0.0;0.0;2.0
456;8.7;1.0;1.0;1.0;1.0;0.0;0.0;1.0;0.0;0.0;2.0
457;8.8;1.0;1.0;1.0;1.0;0.0;0.0;1.0;0.0;0.0;2.0
458;8.9;1.0;1.0;1.0;1.0;0.0;0.0;1.0;0.0;0.0;2.0
459;9.0;1.0;1.0;1.0;1.0;0.0;0.0;1.0;0.0;0.0;2.0
460;9.1;1.0;1.0;1.0;1.0;0.0;0.0;1.0;0.0;0.0;2.0
461;9.11;1.0;1.0;1.0;1.0;0.0;0.0;1.0;0.0;0.0;2.0
462;9.12;1.0;1.0;1.0;1.0;0.0;0.0;1.0;0.0;0.0;2.0
463;9.13;1.0;1.0;1.0;1.0;0.0;0.0;1.0;0.0;0.0;2.0
464;9.14;1.0;1.0;1.0;1.0;0.0;0.0;1.0;0.0;0.0;2.0
465;9.15;1.0;1.0;1.0;1.0;0.0;0.0;1.0;0.0;0.0;2.0
466;9.16;1.0;1.0;1.0;1.0;0.0;0.0;1.0;0.0;0.0;2.0
467;9.17;1.0;1.0;1.0;1.0;0.0;0.0;1.0;0.0;0.0;2.0
468;9.18;1.0;1.0;1.0;1.0;0.0;0.0;1.0;0.0;0.0;2.0
469;9.19;1.0;1.0;1.0;1.0;0.0;0.0;1.0;0.0;0.0;2.0
470;9.2;1.0;1.0;1.0;1.0;0.0;0.0;1.0;0.0;0.0;2.0
471;9.21;1.0;1.0;1.0;1.0;0.0;0.0;1.0;0.0;0.0;2.0
472;9.22;1.0;1.0;1.0;1.0;0.0;0.0;1.0;0.0;0.0;2.0
473;9.23;1.0;1.0;1.0;1.0;0.0;0.0;1.0;0.0;0.0;2.0
474;9.24;1.0;1.0;1.0;1.0;0.0;0.0;1.0;0.0;0.0;2.0
475;9.25;1.0;1.0;1.0;1.0;0.0;0.0;1.0;0.0;0.0;2.0
476;9.26;1.0;1.0;1.0;1.0;0.0;0.0;1.0;0.0;0.0;2.0
477;9.27;1.0;1.0;1.0;1.0;0.0;0.0;1.0;0.0;0.0;2.0
478;9.28;1.0;1.0;1.0;1.0;0.0;0.0;1.0;0.0;0.0;2.0
479;9.29;1.0;1.0;1.0;1.0;0.0;0.0;1.0;0.0;0.0;2.0
480;9.3;1.0;1.0;1.0;1.0;0.0;0.0;1.0;0.0;0.0;2.0
481;9.31;1.0;1.0;1.0;1.0;0.0;0.0;1.0;0.0;0.0;2.0
482;9.32;1.0;1.0;1.0;1.0;0.0;0.0;1.0;0.0;0.0;2.0
483;9.33;1.0;1.0;1.0;1.0;0.0;0.0;1.0;0.0;0.0;2.0
484;9.34;1.0;1.0;1.0;1.0;0.0;0.0;1.0;0.0;0.0;2.0
485;9.35;1.0;1.0;1.0;1.0;0.0;0.0;1.0;0.0;0.0;2.0
486;9.36;1.0;1.0;1.0;1.0;0.0;0.0;1.0;0.0;0.0;2.0
487;9.37;1.0;1.0;1.0;1.0;0.0;0.0;1.0;0.0;0.0;2.0
488;9.38;1.0;1.0;1.0;1.0;0.0;0.0;1.0;0.0;0.0;2.0
489;9.39;1.0;1.0;1.0;1.0;0.0;0.0;1.0;0.0;0.0;2.0
490;9.4;1.0;1.0;1.0;1.0;0.0;0.0;1.0;0.0;0.0;2.0
491;9.41;1.0;1.0;1.0;1.0;0.0;0.0;1.0;0.0;0.0;2.0
492;9.42;1.0;1.0;1.0;1.0;0.0;0.0;1.0;0.0;0.0;2.0
493;9.43;1.0;1.0;1.0;1.0;0.0;0.0;1.0;0.0;0.0;2.0
494;9.44;1.0;1.0;1.0;1.0;0.0;0.0;1.0;0.0;0.0;2.0
495;9.45;1.0;1.0;1.0;1.0;0.0;0.0;1.0;0.0;0.0;2.0
496;9.46;1.0;1.0;1.0;1.0;0.0;0.0;1.0;0.0;0.0;2.0
497;9.47;1.0;1.0;1.0;1.0;0.0;0.0;1.0;0.0;0.0;2.0
498;9.48;1.0;1.0;1.0;1.0;0.0;0.0;1.0;0.0;0.0;2.0
499;9.49;1.0;1.0;1.0;1.0;0.0;0.0;1.0;0.0;0.0;2.0
500;9.5;1.0;1.0;1.0;1.0;0.0;0.0;1.0;0.0;0.0;2.0
501;9.51;1.0;1.0;1.0;1.0;0.0;0.0;1.0;0.0;0.0;2.0
502;9.52;1.0;1.0;1.0;1.0;0.0;0.0;1.0;0.0;0.0;2.0
503;9.53;1.0;1.0;1.0;1.0;0.0;0.0;1.0;0.0;0.0;2.0
504;9.54;1.0;1.0;1.0;1.0;0.0;0.0;1.0;0.0;0.0;2.0
505;9.55;1.0;1.0;1.0;1.0;0.0;0.0;1.0;0.0;0.0;2.0
506;9.56;1.0;1.0;1.0;1.0;0.0;0.0;1.0;0.0;0.0;2.0
507;9.57;1.0;1.0;1.0;1.0;0.0;0.0;1.0;0.0;0.0;2.0
508;9.58;1.0;1.0;1.0;1.0;0.0;0.0;1.0;0.0;0.0;2.0
509;9.59;1.0;1.0;1.0;1.0;0.0;0.0;1.0;0.0;0.0;2.0
510;9.6;1.0;1.0;1.0;1.0;0.0;0.0;1.0;0.0;0.0;2.0
511;9.7;1.0;1.0;1.0;1.0;0.0;0.0;1.0;0.0;0.0;2.0
512;9.8;1.0;1.0;1.0;1.0;0.0;0.0;1.0;0.0;0.0;2.0
513;9.9;1.0;1.0;1.0;1.0;0.0;0.0;1.0;0.0;0.0;2.0
514;10.0;1.0;1.0;1.0;1.0;0.0;0.0;1.0;0.0;0.0;2.0
515;10.1;1.0;1.0;1.0;1.0;0.0;0.0;1.0;0.0;0.0;2.0
516;10.11;1.0;1.0;1.0;1.0;0.0;0.0;1.0;0.0;0.0;2.0
517;10.12;1.0;1.0;1.0;1.0;0.0;0.0;1.0;0.0;0.0;2.0
518;10.13;1.0;1.0;1.0;1.0;0.0;0.0;1.0;0.0;0.0;2.0
519;10.14;1.0;1.0;1.0;1.0;0.0;0.0;1.0;0.0;0.0;2.0
520;10.15;1.0;1.0;1.0;1.0;0.0;0.0;1.0;0.0;0.0;2.0
521;10.16;1.0;1.0;1.0;1.0;0.0;0.0;1.0;0.0;0.0;2.0
522;10.17;1.0;1.0;1.0;1.0;0.0;0.0;1.0;0.0;0.0;2.0
523;10.18;1.0;1.0;1.0;1.0;0.0;0.0;1.0;0.0;0.0;2.0
524;10.19;1.0;1.0;1.0;1.0;0.0;0.0;1.0;0.0;0.0;2.0
525;10.2;1.0;1.0;1.0;1.0;0.0;0.0;1.0;0.0;0.0;2.0
526;10.21;1.0;1.0;1.0;1.0;0.0;0.0;1.0;0.0;0.0;2.0
527;10.22;1.0;1.0;1.0;1.0;0.0;0.0;1.0;0.0;0.0;2.0
528;10.23;1.0;1.0;1.0;1.0;0.0;0.0;1.0;0.0;0.0;2.0
529;10.24;1.0;1.0;1.0;1.0;0.0;0.0;1.0;0.0;0.0;2.0
530;10.25;1.0;1.0;1.0;1.0;0.0;0.0;1.0;0.0;0.0;2.0
531;10.26;1.0;1.0;1.0;1.0;0.0;0.0;1.0;0.0;0.0;2.0
532;10.27;1.0;1.0;1.0;1.0;0.0;0.0;1.0;0.0;0.0;2.0
533;10.28;1.0;1.0;1.0;1.0;0.0;0.0;1.0;0.0;0.0;2.0
534;10.29;1.0;1.0;1.0;1.0;0.0;0.0;1.0;0.0;0.0;2.0
535;10.3;1.0;1.0;1.0;1.0;0.0;0.0;1.0;0.0;0.0;2.0
536;10.31;1.0;1.0;1.0;1.0;0.0;0.0;1.0;0.0;0.0;2.0
537;10.32;1.0;1.0;1.0;1.0;0.0;0.0;1.0;0.0;0.0;2.0
538;10.33;1.0;1.0;1.0;1.0;0.0;0.0;1.0;0.0;0.0;2.0
539;10.34;1.0;1.0;1.0;1.0;0.0;0.0;1.0;0.0;0.0;2.0
540;10.35;1.0;1.0;1.0;1.0;0.0;0.0;1.0;0.0;0.0;2.0
541;10.36;1.0;1.0;1.0;1.0;0.0;0.0;1.0;0.0;0.0;2.0
542;10.37;1.0;1.0;1.0;1.0;0.0;0.0;1.0;0.0;0.0;2.0
543;10.38;1.0;1.0;1.0;1.0;0.0;0.0;1.0;0.0;0.0;2.0
544;10.39;1.0;1.0;1.0;1.0;0.0;0.0;1.0;0.0;0.0;2.0
545;10.4;1.0;1.0;1.0;1.0;0.0;0.0;1.0;0.0;0.0;2.0
546;10.41;1.0;1.0;1.0;1.0;0.0;0.0;1.0;0.0;0.0;2.0
547;10.42;1.0;1.0;1.0;1.0;0.0;0.0;1.0;0.0;0.0;2.0
548;10.43;1.0;1.0;1.0;1.0;0.0;0.0;1.0;0.0;0.0;2.0
549;10.44;1.0;1.0;1.0;1.0;0.0;0.0;1.0;0.0;0.0;2.0
550;10.45;1.0;1.0;1.0;1.0;0.0;0.0;1.0;0.0;0.0;2.0
551;10.46;1.0;1.0;1.0;1.0;0.0;0.0;1.0;0.0;0.0;2.0
552;10.47;1.0;1.0;1.0;1.0;0.0;0.0;1.0;0.0;0.0;2.0
553;10.48;1.0;1.0;1.0;1.0;0.0;0.0;1.0;0.0;0.0;2.0
554;10.49;1.0;1.0;1.0;1.0;0.0;0.0;1.0;0.0;0.0;2.0
555;10.5;1.0;1.0;1.0;1.0;0.0;0.0;1.0;0.0;0.0;2.0
556;10.51;1.0;1.0;1.0;1.0;0.0;0.0;1.0;0.0;0.0;2.0
557;10.52;1.0;1.0;1.0;1.0;0.0;0.0;1.0;0.0;0.0;2.0
558;10.53;1.0;1.0;1.0;1.0;0.0;0.0;1.0;0.0;0.0;2.0
559;10.54;1.0;1.0;1.0;1.0;0.0;0.0;1.0;0.0;0.0;2.0
560;10.55;1.0;1.0;1.0;1.0;0.0;0.0;1.0;0.0;0.0;2.0
561;10.56;1.0;1.0;1.0;1.0;0.0;0.0;1.0;0.0;0.0;2.0
562;10.57;1.0;1.0;1.0;1.0;0.0;0.0;1.0;0.0;0.0;2.0
563;10.58;1.0;1.0;1.0;1.0;0.0;0.0;1.0;0.0;0.0;2.0
564;10.59;1.0;1.0;1.0;1.0;0.0;0.0;1.0;0.0;0.0;2.0
565;10.6;1.0;1.0;1.0;1.0;0.0;0.0;1.0;0.0;0.0;2.0
566;10.7;1.0;1.0;1.0;1.0;0.0;0.0;1.0;0.0;0.0;2.0
567;10.8;1.0;1.0;1.0;1.0;0.0;0.0;1.0;0.0;0.0;2.0
568;10.9;1.0;1.0;1.0;1.0;0.0;0.0;1.0;0.0;0.0;2.0
569;11.0;1.0;1.0;1.0;1.0;0.0;0.0;1.0;0.0;0.0;2.0
570;11.1;1.0;1.0;1.0;1.0;0.0;0.0;1.0;0.0;0.0;2.0
571;11.11;1.0;1.0;1.0;1.0;0.0;0.0;1.0;0.0;0.0;2.0
572;11.12;1.0;1.0;1.0;1.0;0.0;0.0;1.0;0.0;0.0;2.0
573;11.13;1.0;1.0;1.0;1.0;0.0;0.0;1.0;0.0;0.0;2.0
574;11.14;1.0;1.0;1.0;1.0;0.0;0.0;1.0;0.0;0.0;2.0
575;11.15;1.0;1.0;1.0;1.0;0.0;0.0;1.0;0.0;0.0;2.0
576;11.16;1.0;1.0;1.0;1.0;0.0;0.0;1.0;0.0;0.0;2.0
577;11.17;1.0;1.0;1.0;1.0;0.0;0.0;1.0;0.0;0.0;2.0
578;11.18;1.0;1.0;1.0;1.0;0.0;0.0;1.0;0.0;0.0;2.0
579;11.19;1.0;1.0;1.0;1.0;0.0;0.0;1.0;0.0;0.0;2.0
580;11.2;1.0;1.0;1.0;1.0;0.0;0.0;1.0;0.0;0.0;2.0
581;11.21;1.0;1.0;1.0;1.0;0.0;0.0;1.0;0.0;0.0;2.0
582;11.22;1.0;1.0;1.0;1.0;0.0;0.0;1.0;0.0;0.0;2.0
583;11.23;1.0;1.0;1.0;1.0;0.0;0.0;1.0;0.0;0.0;2.0
584;11.24;1.0;1.0;1.0;1.0;0.0;0.0;1.0;0.0;0.0;2.0
585;11.25;0.0;0.0;0.0;0.0;0.0;0.0;1.0;0.0;0.0;2.0
586;11.26;0.0;0.0;0.0;0.0;0.0;0.0;1.0;0.0;0.0;2.0
587;11.27;0.0;0.0;0.0;0.0;0.0;0.0;1.0;0.0;0.0;2.0
588;11.28;0.0;0.0;0.0;0.0;0.0;0.0;1.0;0.0;0.0;2.0
589;11.29;0.0;0.0;0.0;0.0;0.0;0.0;1.0;0.0;0.0;2.0
590;11.3;0.0;0.0;0.0;0.0;0.0;0.0;1.0;0.0;0.0;2.0
591;11.31;0.0;0.0;0.0;0.0;0.0;0.0;1.0;0.0;0.0;2.0
592;11.32;0.0;0.0;0.0;0.0;0.0;0.0;1.0;0.0;0.0;2.0
593;11.33;0.0;0.0;0.0;0.0;0.0;0.0;1.0;0.0;0.0;2.0
594;11.34;0.0;0.0;0.0;0.0;0.0;0.0;1.0;0.0;0.0;2.0
595;11.35;0.0;0.0;0.0;0.0;0.0;0.0;1.0;0.0;0.0;2.0
596;11.36;0.0;0.0;0.0;0.0;0.0;0.0;1.0;0.0;0.0;2.0
597;11.37;0.0;0.0;0.0;0.0;0.0;0.0;1.0;0.0;0.0;2.0
598;11.38;0.0;0.0;0.0;0.0;0.0;0.0;1.0;0.0;0.0;2.0
599;11.39;0.0;0.0;0.0;0.0;0.0;0.0;1.0;0.0;0.0;1.0
600;11.4;0.0;0.0;0.0;0.0;0.0;0.0;1.0;0.0;0.0;1.0
601;11.41;0.0;0.0;0.0;0.0;0.0;0.0;1.0;0.0;0.0;1.0
602;11.42;0.0;0.0;0.0;0.0;0.0;0.0;1.0;0.0;0.0;1.0
603;11.43;0.0;0.0;0.0;0.0;0.0;0.0;1.0;0.0;0.0;1.0
604;11.44;0.0;0.0;0.0;0.0;0.0;0.0;1.0;0.0;0.0;1.0
605;11.45;0.0;0.0;0.0;0.0;0.0;0.0;1.0;0.0;0.0;1.0
606;11.46;0.0;0.0;0.0;0.0;0.0;0.0;1.0;0.0;0.0;1.0
607;11.47;0.0;0.0;0.0;0.0;0.0;0.0;1.0;0.0;0.0;1.0
608;11.48;0.0;0.0;0.0;0.0;0.0;0.0;1.0;0.0;0.0;1.0
609;11.49;0.0;0.0;0.0;0.0;0.0;0.0;1.0;0.0;0.0;1.0
610;11.5;0.0;0.0;0.0;0.0;0.0;0.0;1.0;0.0;0.0;1.0
611;11.51;1.0;1.0;1.0;1.0;0.0;0.0;1.0;0.0;0.0;1.0
612;11.52;1.0;1.0;1.0;1.0;0.0;0.0;1.0;0.0;0.0;1.0
613;11.53;1.0;1.0;1.0;1.0;0.0;0.0;1.0;0.0;0.0;1.0
614;11.54;1.0;1.0;1.0;1.0;0.0;0.0;1.0;0.0;0.0;1.0
615;11.55;1.0;1.0;1.0;1.0;0.0;0.0;1.0;0.0;0.0;1.0
616;11.56;1.0;1.0;1.0;1.0;0.0;0.0;1.0;0.0;0.0;1.0
617;11.57;1.0;1.0;1.0;1.0;0.0;0.0;1.0;0.0;0.0;1.0
618;11.58;1.0;1.0;1.0;1.0;0.0;0.0;1.0;0.0;0.0;1.0
619;11.59;1.0;1.0;1.0;1.0;0.0;0.0;1.0;0.0;0.0;1.0
620;11.6;1.0;1.0;1.0;1.0;0.0;0.0;1.0;0.0;0.0;1.0
621;11.7;1.0;1.0;1.0;1.0;0.0;0.0;1.0;0.0;0.0;1.0
622;11.8;1.0;1.0;1.0;1.0;0.0;0.0;1.0;0.0;0.0;1.0
623;11.9;1.0;1.0;1.0;1.0;0.0;0.0;1.0;0.0;0.0;1.0
624;12.0;1.0;1.0;1.0;1.0;0.0;0.0;1.0;0.0;0.0;1.0
625;12.1;1.0;1.0;1.0;1.0;0.0;0.0;1.0;0.0;0.0;1.0
626;12.11;1.0;1.0;1.0;1.0;0.0;0.0;1.0;0.0;0.0;1.0
627;12.12;1.0;1.0;1.0;1.0;0.0;0.0;1.0;0.0;0.0;1.0
628;12.13;1.0;1.0;1.0;1.0;0.0;0.0;1.0;0.0;0.0;1.0
629;12.14;1.0;1.0;1.0;1.0;0.0;0.0;1.0;0.0;0.0;1.0
630;12.15;1.0;1.0;1.0;1.0;0.0;0.0;1.0;0.0;0.0;1.0
631;12.16;1.0;1.0;1.0;1.0;0.0;0.0;1.0;0.0;0.0;1.0
632;12.17;1.0;1.0;1.0;1.0;0.0;0.0;1.0;0.0;0.0;1.0
633;12.18;1.0;1.0;1.0;1.0;0.0;0.0;1.0;0.0;0.0;1.0
634;12.19;1.0;1.0;1.0;1.0;0.0;0.0;1.0;0.0;0.0;1.0
635;12.2;0.0;0.0;0.0;0.0;0.0;0.0;1.0;0.0;0.0;1.0
636;12.21;0.0;0.0;0.0;0.0;0.0;0.0;1.0;0.0;0.0;1.0
637;12.22;0.0;0.0;0.0;0.0;0.0;0.0;1.0;0.0;0.0;1.0
638;12.23;0.0;0.0;0.0;0.0;0.0;0.0;1.0;0.0;0.0;1.0
639;12.24;0.0;0.0;0.0;0.0;0.0;0.0;1.0;0.0;0.0;1.0
640;12.25;0.0;0.0;0.0;0.0;0.0;0.0;1.0;0.0;0.0;1.0
641;12.26;0.0;0.0;0.0;0.0;0.0;0.0;1.0;0.0;0.0;1.0
642;12.27;0.0;0.0;0.0;0.0;0.0;0.0;1.0;0.0;0.0;1.0
643;12.28;0.0;0.0;0.0;0.0;0.0;0.0;1.0;0.0;0.0;1.0
644;12.29;0.0;0.0;0.0;0.0;0.0;0.0;1.0;0.0;0.0;1.0
645;12.3;0.0;0.0;0.0;0.0;0.0;0.0;1.0;0.0;0.0;1.0
646;12.31;0.0;0.0;0.0;0.0;0.0;0.0;1.0;0.0;0.0;1.0
647;12.32;0.0;0.0;0.0;0.0;0.0;0.0;1.0;0.0;0.0;1.0
648;12.33;0.0;0.0;0.0;0.0;0.0;0.0;1.0;0.0;0.0;1.0
649;12.34;0.0;0.0;0.0;0.0;0.0;0.0;1.0;0.0;0.0;1.0
650;12.35;0.0;0.0;0.0;0.0;0.0;0.0;1.0;0.0;0.0;1.0
651;12.36;0.0;0.0;0.0;0.0;0.0;0.0;1.0;0.0;0.0;1.0
652;12.37;0.0;0.0;0.0;0.0;1.0;0.0;1.0;0.0;0.0;1.0
653;12.38;0.0;0.0;0.0;0.0;1.0;0.0;1.0;0.0;0.0;1.0
654;12.39;0.0;0.0;0.0;0.0;1.0;0.0;1.0;0.0;0.0;1.0
655;12.4;0.0;0.0;0.0;0.0;1.0;0.0;1.0;0.0;0.0;1.0
656;12.41;0.0;0.0;0.0;0.0;1.0;0.0;1.0;0.0;0.0;1.0
657;12.42;0.0;0.0;0.0;0.0;1.0;0.0;1.0;0.0;0.0;1.0
658;12.43;0.0;0.0;0.0;0.0;1.0;0.0;1.0;0.0;0.0;1.0
659;12.44;0.0;0.0;0.0;0.0;1.0;0.0;1.0;0.0;0.0;1.0
660;12.45;0.0;0.0;0.0;0.0;1.0;0.0;1.0;0.0;0.0;1.0
661;12.46;1.0;1.0;1.0;1.0;0.0;0.0;0.0;0.0;0.0;1.0
662;12.47;1.0;1.0;1.0;1.0;0.0;0.0;0.0;0.0;0.0;1.0
663;12.48;1.0;1.0;1.0;1.0;0.0;0.0;0.0;0.0;0.0;1.0
664;12.49;1.0;1.0;1.0;1.0;0.0;0.0;0.0;0.0;0.0;1.0
665;12.5;1.0;1.0;1.0;1.0;0.0;0.0;0.0;0.0;0.0;1.0
666;12.51;1.0;1.0;1.0;1.0;0.0;0.0;0.0;0.0;0.0;1.0
667;12.52;1.0;1.0;1.0;1.0;0.0;0.0;0.0;0.0;0.0;1.0
668;12.53;1.0;1.0;1.0;1.0;0.0;0.0;0.0;0.0;0.0;1.0
669;12.54;1.0;1.0;1.0;1.0;0.0;0.0;0.0;0.0;0.0;1.0
670;12.55;1.0;1.0;1.0;1.0;0.0;0.0;0.0;0.0;0.0;1.0
671;12.56;1.0;1.0;1.0;1.0;0.0;0.0;0.0;0.0;0.0;1.0
672;12.57;1.0;1.0;1.0;1.0;0.0;0.0;0.0;0.0;0.0;1.0
673;12.58;1.0;1.0;1.0;1.0;0.0;0.0;0.0;0.0;0.0;1.0
674;12.59;1.0;1.0;1.0;1.0;0.0;0.0;0.0;0.0;0.0;1.0
675;12.6;1.0;1.0;1.0;1.0;0.0;0.0;0.0;0.0;0.0;1.0
676;12.7;1.0;1.0;1.0;1.0;0.0;0.0;0.0;0.0;0.0;1.0
677;12.8;1.0;1.0;1.0;1.0;0.0;0.0;0.0;0.0;0.0;1.0
678;12.9;1.0;1.0;1.0;1.0;0.0;0.0;0.0;0.0;0.0;1.0
679;13.0;1.0;1.0;1.0;1.0;0.0;0.0;0.0;0.0;0.0;1.0
680;13.1;1.0;1.0;1.0;1.0;1.0;0.0;0.0;0.0;0.0;1.0
681;13.11;1.0;1.0;1.0;1.0;1.0;0.0;0.0;0.0;0.0;1.0
682;13.12;1.0;1.0;1.0;1.0;1.0;0.0;0.0;0.0;0.0;1.0
683;13.13;1.0;1.0;1.0;1.0;1.0;0.0;0.0;0.0;0.0;1.0
684;13.14;1.0;1.0;1.0;1.0;1.0;0.0;0.0;0.0;0.0;1.0
685;13.15;1.0;1.0;1.0;1.0;1.0;0.0;0.0;0.0;0.0;1.0
686;13.16;0.0;0.0;0.0;0.0;1.0;0.0;0.0;0.0;0.0;1.0
687;13.17;0.0;0.0;0.0;0.0;1.0;0.0;0.0;0.0;0.0;1.0
688;13.18;0.0;0.0;0.0;0.0;1.0;0.0;0.0;0.0;0.0;1.0
689;13.19;0.0;0.0;0.0;0.0;1.0;0.0;0.0;0.0;0.0;1.0
690;13.2;0.0;0.0;0.0;0.0;1.0;0.0;0.0;0.0;0.0;1.0
691;13.21;0.0;0.0;0.0;0.0;1.0;0.0;0.0;0.0;0.0;1.0
692;13.22;0.0;0.0;0.0;0.0;1.0;0.0;0.0;0.0;0.0;1.0
693;13.23;0.0;0.0;0.0;0.0;1.0;0.0;0.0;0.0;0.0;1.0
694;13.24;0.0;0.0;0.0;0.0;1.0;0.0;0.0;0.0;0.0;1.0
695;13.25;0.0;0.0;0.0;0.0;1.0;0.0;0.0;0.0;0.0;1.0
696;13.26;0.0;0.0;0.0;0.0;1.0;0.0;0.0;0.0;0.0;1.0
697;13.27;0.0;0.0;0.0;0.0;1.0;0.0;0.0;0.0;0.0;1.0
698;13.28;0.0;0.0;0.0;0.0;1.0;0.0;0.0;0.0;0.0;1.0
699;13.29;0.0;0.0;0.0;0.0;1.0;0.0;0.0;0.0;0.0;1.0
700;13.3;0.0;0.0;0.0;0.0;1.0;0.0;0.0;0.0;0.0;1.0
701;13.31;0.0;0.0;0.0;0.0;1.0;0.0;0.0;0.0;0.0;1.0
702;13.32;0.0;0.0;0.0;0.0;1.0;0.0;0.0;0.0;0.0;1.0
703;13.33;0.0;0.0;0.0;0.0;1.0;0.0;0.0;0.0;0.0;1.0
704;13.34;0.0;0.0;0.0;0.0;1.0;0.0;0.0;0.0;0.0;1.0
705;13.35;0.0;0.0;0.0;0.0;1.0;0.0;0.0;0.0;0.0;1.0
706;13.36;0.0;0.0;0.0;0.0;1.0;0.0;0.0;0.0;0.0;1.0
707;13.37;0.0;0.0;0.0;0.0;1.0;0.0;1.0;0.0;0.0;1.0
708;13.38;0.0;0.0;0.0;0.0;1.0;0.0;0.0;0.0;0.0;1.0
709;13.39;0.0;0.0;0.0;0.0;1.0;0.0;0.0;0.0;0.0;1.0
710;13.4;0.0;0.0;0.0;0.0;1.0;0.0;0.0;0.0;0.0;1.0
711;13.41;0.0;0.0;0.0;0.0;1.0;0.0;0.0;0.0;0.0;1.0
712;13.42;0.0;0.0;0.0;0.0;1.0;0.0;0.0;0.0;0.0;1.0
713;13.43;0.0;0.0;0.0;0.0;1.0;0.0;0.0;0.0;0.0;1.0
714;13.44;0.0;0.0;0.0;0.0;1.0;0.0;0.0;0.0;0.0;1.0
715;13.45;0.0;0.0;0.0;0.0;1.0;0.0;0.0;0.0;0.0;1.0
716;13.46;0.0;0.0;0.0;0.0;1.0;0.0;0.0;0.0;0.0;1.0
717;13.47;0.0;0.0;0.0;0.0;1.0;0.0;0.0;0.0;0.0;1.0
718;13.48;0.0;0.0;0.0;0.0;1.0;0.0;0.0;0.0;0.0;1.0
719;13.49;0.0;0.0;0.0;0.0;1.0;0.0;0.0;0.0;0.0;1.0
720;13.5;0.0;0.0;0.0;0.0;1.0;0.0;0.0;0.0;0.0;1.0
721;13.51;0.0;0.0;0.0;0.0;1.0;0.0;0.0;0.0;0.0;1.0
722;13.52;0.0;0.0;0.0;0.0;1.0;0.0;0.0;0.0;0.0;1.0
723;13.53;0.0;0.0;0.0;0.0;1.0;0.0;0.0;0.0;0.0;1.0
724;13.54;0.0;0.0;0.0;0.0;1.0;0.0;0.0;0.0;0.0;1.0
725;13.55;0.0;0.0;0.0;0.0;1.0;0.0;0.0;0.0;0.0;1.0
726;13.56;0.0;0.0;0.0;0.0;1.0;0.0;0.0;0.0;0.0;1.0
727;13.57;0.0;0.0;0.0;0.0;1.0;0.0;0.0;0.0;0.0;1.0
728;13.58;0.0;0.0;0.0;0.0;1.0;0.0;0.0;0.0;0.0;1.0
729;13.59;0.0;0.0;0.0;0.0;1.0;0.0;0.0;0.0;0.0;1.0
730;13.6;0.0;0.0;0.0;0.0;1.0;0.0;0.0;0.0;0.0;1.0
731;13.7;0.0;0.0;0.0;0.0;1.0;0.0;0.0;0.0;0.0;1.0
732;13.8;1.0;1.0;1.0;1.0;0.0;0.0;0.0;0.0;0.0;1.0
733;13.9;1.0;1.0;1.0;1.0;0.0;0.0;0.0;0.0;0.0;1.0
734;14.0;1.0;1.0;1.0;1.0;0.0;0.0;0.0;0.0;0.0;1.0
735;14.1;1.0;1.0;1.0;1.0;0.0;0.0;0.0;0.0;0.0;1.0
736;14.11;1.0;1.0;1.0;1.0;0.0;0.0;0.0;0.0;0.0;1.0
737;14.12;1.0;1.0;1.0;1.0;0.0;0.0;0.0;0.0;0.0;1.0
738;14.13;1.0;1.0;1.0;1.0;0.0;0.0;0.0;0.0;0.0;1.0
739;14.14;1.0;1.0;1.0;1.0;0.0;0.0;0.0;0.0;0.0;1.0
740;14.15;1.0;1.0;1.0;1.0;0.0;0.0;0.0;0.0;0.0;1.0
741;14.16;1.0;1.0;1.0;1.0;0.0;0.0;0.0;0.0;0.0;1.0
742;14.17;1.0;1.0;1.0;1.0;0.0;0.0;0.0;0.0;0.0;1.0
743;14.18;1.0;1.0;1.0;1.0;0.0;0.0;0.0;0.0;0.0;1.0
744;14.19;1.0;1.0;1.0;1.0;0.0;0.0;0.0;0.0;0.0;1.0
745;14.2;1.0;1.0;1.0;1.0;0.0;0.0;0.0;0.0;0.0;1.0
746;14.21;1.0;1.0;1.0;1.0;0.0;0.0;0.0;0.0;0.0;1.0
747;14.22;1.0;1.0;1.0;1.0;0.0;0.0;0.0;0.0;0.0;1.0
748;14.23;1.0;1.0;1.0;1.0;0.0;0.0;0.0;0.0;0.0;1.0
749;14.24;1.0;1.0;1.0;1.0;0.0;0.0;0.0;0.0;0.0;1.0
750;14.25;1.0;1.0;1.0;1.0;0.0;0.0;0.0;0.0;0.0;1.0
751;14.26;1.0;1.0;1.0;1.0;0.0;0.0;0.0;0.0;0.0;1.0
752;14.27;1.0;1.0;1.0;1.0;0.0;0.0;0.0;0.0;0.0;1.0
753;14.28;1.0;1.0;1.0;1.0;0.0;0.0;0.0;0.0;0.0;1.0
754;14.29;1.0;1.0;1.0;1.0;0.0;0.0;0.0;0.0;0.0;1.0
755;14.3;1.0;1.0;1.0;1.0;0.0;0.0;0.0;0.0;0.0;1.0
756;14.31;1.0;1.0;1.0;1.0;0.0;0.0;0.0;0.0;0.0;1.0
757;14.32;1.0;1.0;1.0;1.0;0.0;0.0;0.0;0.0;0.0;1.0
758;14.33;1.0;1.0;1.0;1.0;0.0;0.0;0.0;0.0;0.0;1.0
759;14.34;1.0;1.0;1.0;1.0;0.0;0.0;0.0;0.0;0.0;1.0
760;14.35;1.0;1.0;1.0;1.0;0.0;0.0;0.0;0.0;0.0;1.0
761;14.36;1.0;1.0;1.0;1.0;0.0;0.0;0.0;0.0;0.0;1.0
762;14.37;1.0;1.0;1.0;1.0;0.0;0.0;0.0;0.0;0.0;1.0
763;14.38;1.0;1.0;1.0;1.0;0.0;0.0;0.0;0.0;0.0;1.0
764;14.39;1.0;1.0;1.0;1.0;0.0;0.0;0.0;0.0;0.0;1.0
765;14.4;1.0;1.0;1.0;1.0;0.0;0.0;0.0;0.0;0.0;1.0
766;14.41;1.0;1.0;1.0;1.0;0.0;0.0;0.0;0.0;0.0;1.0
767;14.42;1.0;1.0;1.0;1.0;0.0;0.0;0.0;0.0;0.0;1.0
768;14.43;1.0;1.0;1.0;1.0;0.0;0.0;0.0;0.0;0.0;1.0
769;14.44;1.0;1.0;1.0;1.0;0.0;0.0;0.0;0.0;0.0;1.0
770;14.45;1.0;1.0;1.0;1.0;0.0;0.0;0.0;0.0;0.0;1.0
771;14.46;1.0;1.0;1.0;1.0;0.0;0.0;0.0;0.0;0.0;1.0
772;14.47;1.0;1.0;1.0;1.0;0.0;0.0;0.0;0.0;0.0;1.0
773;14.48;1.0;1.0;1.0;1.0;0.0;0.0;0.0;0.0;0.0;1.0
774;14.49;1.0;1.0;1.0;1.0;0.0;0.0;0.0;0.0;0.0;1.0
775;14.5;1.0;1.0;1.0;1.0;0.0;0.0;0.0;0.0;0.0;1.0
776;14.51;1.0;1.0;1.0;1.0;1.0;1.0;0.0;0.0;0.0;1.0
777;14.52;1.0;1.0;1.0;1.0;1.0;1.0;0.0;0.0;0.0;1.0
778;14.53;1.0;1.0;1.0;1.0;1.0;1.0;0.0;0.0;0.0;1.0
779;14.54;1.0;1.0;1.0;1.0;1.0;1.0;0.0;0.0;0.0;1.0
780;14.55;1.0;1.0;1.0;1.0;1.0;1.0;0.0;0.0;0.0;1.0
781;14.56;1.0;1.0;1.0;1.0;1.0;1.0;0.0;0.0;0.0;1.0
782;14.57;0.0;0.0;0.0;0.0;1.0;1.0;0.0;0.0;0.0;1.0
783;14.58;0.0;0.0;0.0;0.0;1.0;1.0;0.0;0.0;0.0;1.0
784;14.59;0.0;0.0;0.0;0.0;1.0;1.0;0.0;0.0;0.0;1.0
785;14.6;0.0;0.0;0.0;0.0;1.0;1.0;0.0;0.0;0.0;1.0
786;14.7;0.0;0.0;0.0;0.0;1.0;1.0;0.0;0.0;0.0;1.0
787;14.8;0.0;0.0;0.0;0.0;1.0;1.0;0.0;0.0;0.0;1.0
788;14.9;0.0;0.0;0.0;0.0;1.0;1.0;0.0;0.0;0.0;1.0
789;15.0;0.0;0.0;0.0;0.0;1.0;1.0;0.0;0.0;0.0;1.0
790;15.1;0.0;0.0;0.0;0.0;1.0;1.0;1.0;0.0;0.0;1.0
791;15.11;0.0;0.0;0.0;0.0;1.0;1.0;1.0;0.0;0.0;1.0
792;15.12;0.0;0.0;0.0;0.0;1.0;1.0;1.0;0.0;0.0;1.0
793;15.13;0.0;0.0;0.0;0.0;1.0;1.0;1.0;0.0;0.0;1.0
794;15.14;0.0;0.0;0.0;0.0;1.0;1.0;1.0;0.0;0.0;1.0
795;15.15;0.0;0.0;0.0;0.0;1.0;1.0;1.0;0.0;0.0;1.0
796;15.16;0.0;0.0;0.0;0.0;1.0;1.0;1.0;0.0;0.0;1.0
797;15.17;0.0;0.0;0.0;0.0;1.0;1.0;1.0;0.0;0.0;1.0
798;15.18;0.0;0.0;0.0;0.0;1.0;1.0;1.0;0.0;0.0;1.0
799;15.19;0.0;0.0;0.0;0.0;1.0;1.0;1.0;0.0;0.0;1.0
800;15.2;0.0;0.0;0.0;0.0;1.0;1.0;1.0;0.0;0.0;1.0
801;15.21;0.0;0.0;0.0;0.0;1.0;1.0;1.0;0.0;0.0;1.0
802;15.22;0.0;0.0;0.0;0.0;1.0;1.0;1.0;0.0;0.0;1.0
803;15.23;0.0;0.0;0.0;0.0;1.0;1.0;1.0;0.0;0.0;1.0
804;15.24;0.0;0.0;0.0;0.0;1.0;1.0;1.0;0.0;0.0;1.0
805;15.25;0.0;0.0;0.0;0.0;1.0;1.0;0.0;0.0;0.0;1.0
806;15.26;0.0;0.0;0.0;0.0;1.0;1.0;0.0;0.0;0.0;1.0
807;15.27;0.0;0.0;0.0;0.0;1.0;1.0;0.0;0.0;0.0;1.0
808;15.28;1.0;1.0;1.0;1.0;0.0;0.0;0.0;0.0;0.0;1.0
809;15.29;1.0;1.0;1.0;1.0;0.0;0.0;0.0;0.0;0.0;1.0
810;15.3;1.0;1.0;1.0;1.0;0.0;0.0;0.0;1.0;0.0;1.0
811;15.31;1.0;1.0;1.0;1.0;0.0;0.0;0.0;1.0;0.0;1.0
812;15.32;1.0;1.0;1.0;1.0;0.0;0.0;0.0;1.0;0.0;1.0
813;15.33;1.0;1.0;1.0;1.0;0.0;0.0;0.0;1.0;0.0;1.0
814;15.34;1.0;1.0;1.0;1.0;0.0;0.0;0.0;1.0;0.0;1.0
815;15.35;1.0;1.0;1.0;1.0;0.0;0.0;0.0;1.0;0.0;1.0
816;15.36;1.0;1.0;1.0;1.0;0.0;0.0;0.0;1.0;0.0;1.0
817;15.37;1.0;1.0;1.0;1.0;0.0;0.0;0.0;1.0;0.0;1.0
818;15.38;1.0;1.0;1.0;1.0;0.0;0.0;0.0;1.0;0.0;1.0
819;15.39;1.0;1.0;1.0;1.0;0.0;0.0;0.0;1.0;0.0;1.0
820;15.4;1.0;1.0;1.0;1.0;0.0;0.0;0.0;1.0;0.0;1.0
821;15.41;1.0;1.0;1.0;1.0;0.0;0.0;0.0;1.0;0.0;1.0
822;15.42;1.0;1.0;1.0;1.0;0.0;0.0;0.0;1.0;0.0;1.0
823;15.43;1.0;1.0;1.0;1.0;0.0;0.0;0.0;1.0;0.0;1.0
824;15.44;1.0;1.0;1.0;1.0;0.0;0.0;1.0;1.0;0.0;1.0
825;15.45;1.0;1.0;1.0;1.0;0.0;0.0;1.0;1.0;0.0;1.0
826;15.46;1.0;1.0;1.0;1.0;0.0;0.0;1.0;1.0;0.0;1.0
827;15.47;1.0;1.0;1.0;1.0;0.0;0.0;1.0;1.0;0.0;1.0
828;15.48;1.0;1.0;1.0;1.0;0.0;0.0;1.0;1.0;0.0;1.0
829;15.49;1.0;1.0;1.0;1.0;0.0;0.0;1.0;1.0;0.0;1.0
830;15.5;1.0;1.0;1.0;1.0;0.0;0.0;1.0;1.0;0.0;1.0
831;15.51;1.0;1.0;1.0;1.0;0.0;0.0;1.0;1.0;0.0;1.0
832;15.52;1.0;1.0;1.0;1.0;0.0;0.0;1.0;1.0;0.0;1.0
833;15.53;1.0;1.0;1.0;1.0;0.0;0.0;1.0;1.0;0.0;1.0
834;15.54;1.0;1.0;1.0;1.0;0.0;0.0;1.0;1.0;0.0;1.0
835;15.55;1.0;1.0;1.0;1.0;0.0;1.0;1.0;1.0;1.0;1.0
836;15.56;1.0;1.0;1.0;1.0;0.0;1.0;1.0;1.0;1.0;1.0
837;15.57;1.0;1.0;1.0;1.0;0.0;1.0;1.0;1.0;1.0;1.0
838;15.58;1.0;1.0;1.0;1.0;0.0;1.0;1.0;1.0;1.0;1.0
839;15.6;1.0;1.0;1.0;1.0;0.0;1.0;1.0;1.0;1.0;1.0
840;15.7;1.0;1.0;1.0;1.0;0.0;1.0;1.0;1.0;1.0;1.0
841;15.8;1.0;1.0;1.0;1.0;0.0;1.0;1.0;1.0;1.0;1.0
842;15.9;1.0;1.0;1.0;1.0;0.0;1.0;1.0;1.0;1.0;1.0
843;16.0;1.0;1.0;1.0;1.0;0.0;1.0;1.0;1.0;1.0;1.0
844;16.1;1.0;1.0;1.0;1.0;0.0;1.0;1.0;1.0;1.0;1.0
845;16.11;1.0;1.0;1.0;1.0;0.0;1.0;1.0;1.0;1.0;1.0
846;16.12;1.0;1.0;1.0;1.0;0.0;1.0;1.0;1.0;1.0;1.0
847;16.13;1.0;1.0;1.0;1.0;0.0;1.0;1.0;1.0;1.0;1.0
848;16.14;1.0;1.0;1.0;1.0;0.0;1.0;1.0;1.0;1.0;1.0
849;16.15;1.0;1.0;1.0;1.0;0.0;1.0;1.0;1.0;1.0;1.0
850;16.16;1.0;1.0;1.0;1.0;0.0;1.0;1.0;1.0;1.0;1.0
851;16.17;1.0;1.0;1.0;1.0;0.0;1.0;1.0;1.0;1.0;1.0
852;16.18;1.0;1.0;1.0;1.0;0.0;1.0;1.0;1.0;1.0;1.0
853;16.2;1.0;1.0;1.0;1.0;0.0;1.0;1.0;1.0;1.0;1.0
854;16.22;1.0;1.0;1.0;1.0;0.0;1.0;1.0;1.0;1.0;1.0
855;16.23;1.0;1.0;1.0;1.0;0.0;1.0;1.0;1.0;1.0;1.0
856;16.24;1.0;1.0;1.0;1.0;0.0;1.0;1.0;1.0;1.0;1.0
857;16.26;1.0;1.0;1.0;1.0;0.0;0.0;1.0;1.0;1.0;1.0
858;16.27;1.0;1.0;1.0;1.0;0.0;0.0;1.0;1.0;1.0;1.0
859;16.3;1.0;1.0;1.0;1.0;0.0;0.0;1.0;1.0;1.0;1.0
860;16.31;1.0;1.0;1.0;1.0;0.0;0.0;1.0;1.0;1.0;1.0
861;16.32;1.0;1.0;1.0;1.0;0.0;0.0;1.0;1.0;1.0;1.0
862;16.33;1.0;1.0;1.0;1.0;0.0;0.0;1.0;1.0;1.0;1.0
863;16.34;1.0;1.0;1.0;1.0;0.0;0.0;1.0;1.0;1.0;1.0
864;16.35;1.0;1.0;1.0;1.0;0.0;0.0;1.0;1.0;1.0;1.0
865;16.36;1.0;1.0;1.0;1.0;0.0;0.0;1.0;1.0;1.0;1.0
866;16.37;1.0;1.0;1.0;1.0;0.0;0.0;1.0;1.0;1.0;1.0
867;16.38;1.0;1.0;1.0;1.0;0.0;0.0;1.0;1.0;1.0;1.0
868;16.4;1.0;1.0;1.0;1.0;0.0;0.0;1.0;1.0;1.0;1.0
869;16.42;1.0;1.0;1.0;1.0;0.0;0.0;1.0;1.0;1.0;1.0
870;16.43;1.0;1.0;1.0;1.0;0.0;0.0;1.0;0.0;1.0;1.0
871;16.45;1.0;1.0;1.0;1.0;0.0;0.0;1.0;0.0;1.0;1.0
872;16.46;1.0;1.0;1.0;1.0;1.0;0.0;1.0;0.0;1.0;1.0
873;16.47;1.0;1.0;1.0;1.0;1.0;0.0;1.0;0.0;1.0;1.0
874;16.48;1.0;1.0;1.0;1.0;1.0;0.0;1.0;0.0;1.0;1.0
875;16.49;1.0;1.0;1.0;1.0;1.0;0.0;1.0;0.0;1.0;1.0
876;16.5;1.0;1.0;1.0;1.0;1.0;0.0;1.0;0.0;1.0;1.0
877;16.51;1.0;1.0;1.0;1.0;1.0;0.0;1.0;0.0;1.0;2.0
878;16.52;1.0;1.0;1.0;1.0;1.0;0.0;1.0;0.0;1.0;2.0
879;16.53;1.0;1.0;1.0;1.0;1.0;0.0;1.0;0.0;1.0;2.0
880;16.54;1.0;1.0;1.0;1.0;1.0;0.0;1.0;0.0;1.0;2.0
881;16.55;1.0;1.0;1.0;1.0;1.0;0.0;1.0;0.0;1.0;2.0
882;16.56;1.0;1.0;1.0;1.0;1.0;0.0;1.0;0.0;1.0;2.0
883;16.57;1.0;1.0;1.0;1.0;1.0;0.0;1.0;0.0;1.0;2.0
884;16.58;1.0;1.0;1.0;1.0;1.0;0.0;1.0;0.0;1.0;2.0
885;16.6;1.0;1.0;1.0;1.0;1.0;0.0;1.0;0.0;1.0;2.0
886;16.7;1.0;1.0;1.0;1.0;1.0;0.0;1.0;0.0;1.0;2.0
887;16.8;1.0;1.0;1.0;1.0;1.0;0.0;1.0;0.0;1.0;2.0
888;16.9;1.0;1.0;1.0;1.0;1.0;0.0;1.0;0.0;1.0;2.0
889;17.1;1.0;1.0;1.0;1.0;1.0;0.0;1.0;0.0;1.0;2.0
890;17.11;1.0;1.0;1.0;1.0;1.0;0.0;1.0;0.0;1.0;2.0
891;17.12;1.0;1.0;1.0;1.0;1.0;0.0;1.0;0.0;1.0;2.0
892;17.13;1.0;1.0;1.0;1.0;1.0;0.0;1.0;0.0;1.0;2.0
893;17.14;1.0;1.0;1.0;1.0;1.0;0.0;1.0;0.0;1.0;2.0
894;17.15;1.0;1.0;1.0;1.0;1.0;0.0;1.0;0.0;1.0;2.0
895;17.16;1.0;1.0;1.0;1.0;1.0;0.0;1.0;0.0;1.0;2.0
896;17.17;1.0;1.0;1.0;1.0;1.0;0.0;1.0;0.0;1.0;2.0
897;17.18;1.0;1.0;1.0;1.0;1.0;0.0;1.0;0.0;1.0;2.0
898;17.2;1.0;1.0;1.0;1.0;1.0;0.0;1.0;0.0;1.0;2.0
899;17.21;1.0;1.0;1.0;1.0;1.0;0.0;1.0;0.0;1.0;2.0
900;17.22;0.0;0.0;0.0;0.0;1.0;0.0;1.0;0.0;1.0;2.0
901;17.23;0.0;0.0;0.0;0.0;1.0;1.0;1.0;0.0;1.0;2.0
902;17.25;0.0;0.0;0.0;0.0;1.0;1.0;1.0;0.0;1.0;2.0
903;17.26;0.0;0.0;0.0;0.0;1.0;1.0;1.0;0.0;1.0;2.0
904;17.27;0.0;0.0;0.0;0.0;1.0;1.0;1.0;1.0;1.0;2.0
905;17.28;0.0;0.0;0.0;0.0;1.0;1.0;1.0;1.0;1.0;2.0
906;17.3;0.0;0.0;0.0;0.0;1.0;1.0;1.0;1.0;1.0;2.0
907;17.32;0.0;0.0;0.0;0.0;1.0;1.0;1.0;0.0;1.0;2.0
908;17.33;0.0;0.0;0.0;0.0;1.0;1.0;1.0;0.0;1.0;2.0
909;17.34;0.0;0.0;0.0;0.0;1.0;1.0;1.0;0.0;1.0;2.0
910;17.35;0.0;0.0;0.0;0.0;1.0;1.0;1.0;0.0;1.0;2.0
911;17.36;0.0;0.0;0.0;0.0;1.0;1.0;1.0;0.0;1.0;2.0
912;17.37;0.0;0.0;0.0;0.0;1.0;1.0;1.0;0.0;1.0;2.0
913;17.38;0.0;0.0;0.0;0.0;1.0;1.0;1.0;0.0;1.0;2.0
914;17.39;0.0;0.0;0.0;0.0;1.0;1.0;1.0;0.0;1.0;2.0
915;17.4;0.0;0.0;0.0;0.0;1.0;1.0;1.0;0.0;1.0;2.0
916;17.41;0.0;0.0;0.0;0.0;1.0;1.0;1.0;0.0;1.0;2.0
917;17.43;0.0;0.0;0.0;0.0;1.0;1.0;1.0;0.0;1.0;2.0
918;17.44;0.0;0.0;0.0;0.0;1.0;1.0;1.0;0.0;0.0;2.0
919;17.45;0.0;0.0;0.0;0.0;1.0;1.0;1.0;0.0;0.0;2.0
920;17.46;0.0;0.0;0.0;0.0;1.0;1.0;1.0;0.0;0.0;2.0
921;17.47;0.0;0.0;0.0;0.0;1.0;1.0;1.0;0.0;1.0;2.0
922;17.48;0.0;0.0;0.0;0.0;1.0;1.0;1.0;0.0;1.0;2.0
923;17.49;0.0;0.0;0.0;0.0;1.0;1.0;1.0;0.0;1.0;2.0
924;17.5;0.0;0.0;0.0;0.0;1.0;1.0;1.0;0.0;1.0;2.0
925;17.51;0.0;0.0;0.0;0.0;1.0;1.0;1.0;0.0;1.0;2.0
926;17.52;0.0;0.0;0.0;0.0;1.0;1.0;1.0;0.0;1.0;2.0
927;17.53;0.0;0.0;0.0;0.0;1.0;1.0;1.0;1.0;1.0;2.0
928;17.54;0.0;0.0;0.0;0.0;1.0;1.0;1.0;1.0;1.0;2.0
929;17.55;0.0;0.0;0.0;0.0;1.0;1.0;1.0;1.0;1.0;2.0
930;17.56;0.0;0.0;0.0;0.0;1.0;1.0;1.0;1.0;1.0;2.0
931;17.57;0.0;0.0;0.0;0.0;1.0;1.0;1.0;1.0;1.0;2.0
932;17.58;0.0;0.0;0.0;0.0;1.0;1.0;1.0;1.0;1.0;2.0
933;17.59;0.0;0.0;0.0;0.0;1.0;1.0;1.0;1.0;1.0;2.0
934;17.7;0.0;0.0;0.0;0.0;1.0;1.0;1.0;1.0;1.0;2.0
935;17.8;0.0;0.0;0.0;0.0;1.0;1.0;1.0;1.0;1.0;2.0
936;18.0;0.0;0.0;0.0;0.0;1.0;1.0;1.0;1.0;1.0;2.0
937;18.1;0.0;0.0;0.0;0.0;1.0;1.0;1.0;1.0;1.0;2.0
938;18.11;0.0;0.0;0.0;0.0;1.0;1.0;1.0;1.0;1.0;2.0
939;18.12;0.0;0.0;0.0;0.0;1.0;1.0;1.0;1.0;1.0;2.0
940;18.13;0.0;0.0;0.0;0.0;1.0;1.0;1.0;1.0;1.0;2.0
941;18.14;0.0;0.0;0.0;0.0;1.0;1.0;1.0;1.0;1.0;2.0
942;18.15;0.0;0.0;0.0;0.0;1.0;1.0;1.0;1.0;1.0;2.0
943;18.16;0.0;0.0;0.0;0.0;1.0;1.0;1.0;1.0;1.0;2.0
944;18.17;0.0;0.0;0.0;0.0;1.0;1.0;1.0;1.0;1.0;2.0
945;18.18;0.0;0.0;0.0;0.0;1.0;1.0;1.0;1.0;1.0;2.0
946;18.19;0.0;0.0;0.0;0.0;1.0;1.0;1.0;1.0;1.0;2.0
947;18.2;0.0;0.0;0.0;0.0;1.0;1.0;1.0;1.0;1.0;1.0
948;18.21;0.0;0.0;0.0;0.0;1.0;1.0;1.0;1.0;1.0;1.0
949;18.22;0.0;0.0;0.0;0.0;1.0;1.0;1.0;1.0;1.0;1.0
950;18.23;0.0;0.0;0.0;0.0;1.0;1.0;1.0;1.0;1.0;1.0
951;18.24;0.0;0.0;0.0;0.0;1.0;1.0;1.0;1.0;1.0;1.0
952;18.25;0.0;0.0;0.0;0.0;1.0;1.0;1.0;1.0;1.0;1.0
953;18.26;0.0;0.0;0.0;0.0;1.0;1.0;1.0;1.0;1.0;1.0
954;18.27;0.0;0.0;0.0;0.0;1.0;1.0;1.0;1.0;1.0;1.0
955;18.28;0.0;0.0;0.0;0.0;1.0;1.0;1.0;1.0;1.0;1.0
956;18.29;0.0;0.0;0.0;0.0;1.0;1.0;1.0;1.0;1.0;1.0
957;18.3;0.0;0.0;0.0;0.0;1.0;1.0;1.0;1.0;1.0;1.0
958;18.32;0.0;0.0;0.0;0.0;1.0;1.0;1.0;1.0;1.0;1.0
959;18.33;0.0;0.0;0.0;0.0;1.0;1.0;1.0;1.0;1.0;1.0
960;18.34;0.0;0.0;0.0;0.0;1.0;1.0;1.0;1.0;1.0;1.0
961;18.35;0.0;0.0;0.0;0.0;1.0;1.0;1.0;1.0;1.0;1.0
962;18.36;0.0;0.0;0.0;0.0;1.0;1.0;1.0;1.0;1.0;1.0
963;18.37;0.0;0.0;0.0;0.0;1.0;1.0;1.0;1.0;1.0;1.0
964;18.38;0.0;0.0;0.0;0.0;1.0;1.0;1.0;1.0;1.0;1.0
965;18.39;0.0;0.0;0.0;0.0;1.0;1.0;1.0;1.0;1.0;1.0
966;18.4;0.0;0.0;0.0;0.0;1.0;1.0;1.0;1.0;1.0;1.0
967;18.41;0.0;0.0;0.0;0.0;1.0;1.0;1.0;1.0;1.0;1.0
968;18.42;0.0;0.0;0.0;0.0;1.0;1.0;1.0;1.0;1.0;1.0
969;18.43;0.0;0.0;0.0;0.0;1.0;1.0;1.0;1.0;1.0;1.0
970;18.44;0.0;0.0;0.0;0.0;1.0;1.0;1.0;1.0;1.0;1.0
971;18.45;0.0;0.0;0.0;0.0;1.0;1.0;1.0;1.0;1.0;1.0
972;18.46;1.0;1.0;1.0;1.0;0.0;0.0;0.0;0.0;0.0;1.0
973;18.47;1.0;1.0;1.0;1.0;0.0;0.0;2.0;0.0;0.0;1.0
974;18.48;1.0;1.0;1.0;1.0;0.0;0.0;0.0;0.0;0.0;1.0
975;18.49;1.0;1.0;1.0;1.0;0.0;0.0;0.0;0.0;0.0;1.0
976;18.5;1.0;1.0;1.0;1.0;0.0;0.0;0.0;0.0;0.0;1.0
977;18.51;1.0;1.0;1.0;1.0;1.0;0.0;0.0;0.0;0.0;1.0
978;18.52;1.0;1.0;1.0;1.0;1.0;0.0;0.0;0.0;0.0;1.0
979;18.53;1.0;1.0;1.0;1.0;1.0;0.0;0.0;0.0;0.0;1.0
980;18.54;1.0;1.0;1.0;1.0;1.0;0.0;0.0;0.0;0.0;1.0
981;18.55;1.0;1.0;1.0;1.0;1.0;0.0;0.0;0.0;0.0;1.0
982;18.56;1.0;1.0;1.0;1.0;1.0;0.0;0.0;0.0;0.0;1.0
983;18.57;1.0;1.0;1.0;1.0;1.0;0.0;0.0;0.0;0.0;1.0
984;18.58;1.0;1.0;1.0;1.0;1.0;0.0;0.0;0.0;0.0;1.0
985;18.59;1.0;1.0;1.0;1.0;1.0;0.0;0.0;0.0;0.0;1.0
986;18.6;0.0;0.0;0.0;0.0;1.0;0.0;0.0;0.0;0.0;1.0
987;18.7;0.0;0.0;0.0;0.0;1.0;1.0;0.0;0.0;0.0;1.0
988;18.8;0.0;0.0;0.0;0.0;0.0;0.0;0.0;0.0;0.0;1.0
989;18.9;0.0;0.0;0.0;0.0;0.0;0.0;0.0;0.0;0.0;1.0
990;19.0;0.0;0.0;0.0;0.0;0.0;0.0;0.0;0.0;0.0;1.0
991;19.1;0.0;0.0;0.0;0.0;0.0;0.0;0.0;0.0;0.0;1.0
992;19.11;0.0;0.0;0.0;0.0;0.0;0.0;0.0;0.0;0.0;1.0
993;19.12;0.0;0.0;0.0;0.0;0.0;0.0;0.0;0.0;0.0;1.0
994;19.13;0.0;0.0;0.0;0.0;0.0;0.0;0.0;0.0;0.0;1.0
995;19.14;0.0;0.0;0.0;0.0;0.0;0.0;0.0;0.0;0.0;1.0
996;19.15;0.0;0.0;0.0;0.0;0.0;0.0;0.0;0.0;0.0;1.0
997;19.16;0.0;0.0;0.0;0.0;0.0;0.0;0.0;0.0;0.0;1.0
998;19.17;0.0;0.0;0.0;0.0;0.0;0.0;0.0;1.0;0.0;1.0
999;19.18;0.0;0.0;0.0;0.0;0.0;0.0;0.0;0.0;0.0;1.0
1000;19.19;0.0;0.0;0.0;0.0;0.0;0.0;0.0;0.0;0.0;1.0
1001;19.2;0.0;0.0;0.0;0.0;0.0;0.0;0.0;0.0;0.0;1.0
1002;19.21;0.0;0.0;0.0;0.0;0.0;0.0;0.0;0.0;0.0;1.0
1003;19.22;0.0;0.0;0.0;0.0;0.0;0.0;0.0;0.0;0.0;1.0
1004;19.23;0.0;0.0;0.0;0.0;0.0;0.0;0.0;0.0;0.0;1.0
1005;19.24;0.0;0.0;0.0;0.0;0.0;0.0;0.0;0.0;0.0;1.0
1006;19.25;0.0;0.0;0.0;0.0;0.0;0.0;0.0;0.0;0.0;1.0
1007;19.26;0.0;0.0;0.0;0.0;0.0;0.0;0.0;0.0;0.0;1.0
1008;19.27;0.0;0.0;0.0;0.0;0.0;0.0;0.0;0.0;0.0;1.0
1009;19.28;0.0;0.0;0.0;0.0;0.0;0.0;0.0;0.0;0.0;1.0
1010;19.29;0.0;0.0;0.0;0.0;0.0;0.0;0.0;0.0;0.0;1.0
1011;19.3;0.0;0.0;0.0;0.0;0.0;0.0;0.0;0.0;0.0;1.0
1012;19.31;0.0;0.0;0.0;0.0;0.0;0.0;0.0;0.0;0.0;1.0
1013;19.33;0.0;0.0;0.0;0.0;0.0;0.0;0.0;0.0;0.0;1.0
1014;19.34;0.0;0.0;0.0;0.0;0.0;0.0;0.0;0.0;0.0;1.0
1015;19.35;0.0;0.0;0.0;0.0;0.0;0.0;0.0;0.0;0.0;1.0
1016;19.36;0.0;0.0;0.0;0.0;0.0;0.0;0.0;0.0;0.0;1.0
1017;19.37;0.0;0.0;0.0;0.0;0.0;0.0;0.0;0.0;0.0;1.0
1018;19.38;0.0;0.0;0.0;0.0;0.0;0.0;0.0;0.0;0.0;1.0
1019;19.39;0.0;0.0;0.0;0.0;0.0;0.0;0.0;0.0;0.0;1.0
1020;19.4;0.0;0.0;0.0;0.0;0.0;0.0;0.0;0.0;0.0;1.0
1021;19.42;0.0;0.0;0.0;0.0;0.0;0.0;0.0;1.0;0.0;1.0
1022;19.43;0.0;0.0;0.0;0.0;0.0;0.0;0.0;1.0;0.0;1.0
1023;19.44;0.0;0.0;0.0;0.0;0.0;0.0;0.0;1.0;0.0;1.0
1024;19.45;0.0;0.0;0.0;0.0;1.0;0.0;0.0;1.0;0.0;1.0
1025;19.46;0.0;0.0;0.0;0.0;1.0;0.0;0.0;1.0;0.0;1.0
1026;19.48;0.0;0.0;0.0;0.0;1.0;0.0;0.0;1.0;0.0;1.0
1027;19.49;0.0;0.0;0.0;0.0;1.0;0.0;0.0;1.0;0.0;1.0
1028;19.5;0.0;0.0;0.0;0.0;1.0;1.0;0.0;1.0;0.0;1.0
1029;19.52;0.0;0.0;0.0;0.0;1.0;1.0;0.0;1.0;0.0;1.0
1030;19.53;0.0;0.0;0.0;0.0;1.0;1.0;0.0;1.0;0.0;1.0
1031;19.54;0.0;0.0;0.0;0.0;1.0;1.0;0.0;1.0;0.0;1.0
1032;19.55;0.0;0.0;0.0;0.0;1.0;1.0;0.0;1.0;0.0;1.0
1033;19.56;0.0;0.0;0.0;0.0;1.0;1.0;0.0;1.0;0.0;1.0
1034;19.57;0.0;0.0;0.0;0.0;1.0;1.0;0.0;1.0;0.0;1.0
1035;19.58;0.0;0.0;0.0;0.0;1.0;1.0;0.0;1.0;0.0;1.0
1036;19.59;0.0;0.0;0.0;0.0;1.0;1.0;0.0;1.0;0.0;1.0
1037;19.6;0.0;0.0;0.0;0.0;1.0;1.0;0.0;1.0;0.0;1.0
1038;19.7;0.0;0.0;0.0;0.0;1.0;1.0;0.0;1.0;0.0;1.0
1039;19.8;0.0;0.0;0.0;0.0;1.0;1.0;0.0;1.0;0.0;1.0
1040;19.9;0.0;0.0;0.0;0.0;1.0;1.0;0.0;1.0;0.0;1.0
1041;20.0;0.0;0.0;0.0;0.0;1.0;1.0;0.0;1.0;0.0;1.0
1042;20.1;0.0;0.0;0.0;0.0;1.0;1.0;0.0;1.0;0.0;1.0
1043;20.11;0.0;0.0;0.0;0.0;1.0;1.0;0.0;1.0;0.0;1.0
1044;20.12;0.0;0.0;0.0;0.0;1.0;1.0;0.0;1.0;0.0;1.0
1045;20.13;0.0;0.0;0.0;0.0;1.0;1.0;0.0;1.0;0.0;1.0
1046;20.14;0.0;0.0;0.0;0.0;1.0;1.0;0.0;1.0;0.0;1.0
1047;20.15;0.0;0.0;0.0;0.0;1.0;1.0;0.0;1.0;0.0;1.0
1048;20.16;0.0;0.0;0.0;0.0;1.0;1.0;0.0;1.0;0.0;1.0
1049;20.17;0.0;0.0;0.0;0.0;1.0;1.0;0.0;1.0;0.0;1.0
1050;20.18;0.0;0.0;0.0;0.0;1.0;1.0;0.0;1.0;0.0;1.0
1051;20.19;0.0;0.0;0.0;0.0;1.0;1.0;0.0;1.0;0.0;1.0
1052;20.2;0.0;0.0;0.0;0.0;1.0;1.0;0.0;1.0;0.0;1.0
1053;20.21;0.0;0.0;0.0;0.0;1.0;1.0;0.0;1.0;0.0;1.0
1054;20.22;0.0;0.0;0.0;0.0;1.0;1.0;0.0;1.0;0.0;1.0
1055;20.23;0.0;0.0;0.0;0.0;1.0;1.0;0.0;1.0;0.0;1.0
1056;20.24;0.0;0.0;0.0;0.0;1.0;1.0;0.0;1.0;0.0;1.0
1057;20.25;0.0;0.0;0.0;0.0;1.0;1.0;0.0;1.0;0.0;1.0
1058;20.26;0.0;0.0;0.0;0.0;1.0;1.0;0.0;1.0;0.0;1.0
1059;20.27;0.0;0.0;0.0;0.0;1.0;1.0;0.0;1.0;0.0;1.0
1060;20.28;0.0;0.0;0.0;0.0;1.0;1.0;0.0;1.0;0.0;1.0
1061;20.29;0.0;0.0;0.0;0.0;1.0;1.0;0.0;1.0;0.0;1.0
1062;20.3;0.0;0.0;0.0;0.0;1.0;1.0;0.0;1.0;0.0;1.0
1063;20.31;0.0;0.0;0.0;0.0;1.0;1.0;0.0;1.0;0.0;1.0
1064;20.32;0.0;0.0;0.0;0.0;1.0;1.0;0.0;1.0;0.0;1.0
1065;20.33;0.0;0.0;0.0;0.0;1.0;1.0;0.0;1.0;0.0;1.0
1066;20.34;0.0;0.0;0.0;0.0;1.0;1.0;0.0;1.0;0.0;1.0
1067;20.35;0.0;0.0;0.0;0.0;1.0;1.0;0.0;1.0;0.0;1.0
1068;20.36;0.0;0.0;0.0;0.0;1.0;1.0;0.0;1.0;0.0;1.0
1069;20.37;0.0;0.0;0.0;0.0;1.0;1.0;0.0;1.0;0.0;1.0
1070;20.38;0.0;0.0;0.0;0.0;1.0;1.0;0.0;1.0;0.0;1.0
1071;20.39;0.0;0.0;0.0;0.0;1.0;1.0;0.0;1.0;0.0;1.0
1072;20.4;0.0;0.0;0.0;0.0;1.0;1.0;0.0;1.0;0.0;1.0
1073;20.41;0.0;0.0;0.0;0.0;1.0;1.0;0.0;1.0;0.0;1.0
1074;20.43;0.0;0.0;0.0;0.0;1.0;1.0;0.0;1.0;0.0;1.0
1075;20.44;0.0;0.0;0.0;0.0;1.0;1.0;0.0;1.0;0.0;1.0
1076;20.45;0.0;0.0;0.0;0.0;1.0;1.0;0.0;1.0;0.0;1.0
1077;20.46;0.0;0.0;0.0;0.0;1.0;1.0;0.0;1.0;0.0;1.0
1078;20.48;0.0;0.0;0.0;0.0;1.0;1.0;0.0;1.0;0.0;1.0
1079;20.49;0.0;0.0;0.0;0.0;1.0;1.0;0.0;1.0;0.0;1.0
1080;20.5;0.0;0.0;0.0;0.0;1.0;1.0;0.0;1.0;0.0;1.0
1081;20.52;0.0;0.0;0.0;0.0;1.0;1.0;0.0;1.0;0.0;1.0
1082;20.53;0.0;0.0;0.0;0.0;1.0;1.0;0.0;1.0;0.0;1.0
1083;20.54;0.0;0.0;0.0;0.0;1.0;1.0;0.0;1.0;0.0;1.0
1084;20.55;0.0;0.0;0.0;0.0;0.0;0.0;0.0;0.0;0.0;1.0
1085;20.56;0.0;0.0;0.0;0.0;0.0;0.0;0.0;0.0;0.0;1.0
1086;20.57;0.0;0.0;0.0;0.0;0.0;0.0;0.0;0.0;0.0;1.0
1087;20.58;0.0;0.0;0.0;0.0;0.0;0.0;0.0;0.0;0.0;1.0
1088;20.59;0.0;0.0;0.0;0.0;0.0;0.0;0.0;0.0;0.0;1.0
1089;20.6;0.0;0.0;0.0;0.0;0.0;0.0;0.0;0.0;0.0;1.0
1090;20.7;0.0;0.0;0.0;0.0;0.0;0.0;0.0;0.0;0.0;1.0
1091;20.8;0.0;0.0;0.0;0.0;0.0;0.0;0.0;0.0;0.0;1.0
1092;20.9;0.0;0.0;0.0;0.0;0.0;0.0;0.0;0.0;0.0;1.0
1093;21.0;0.0;0.0;0.0;0.0;0.0;0.0;0.0;0.0;0.0;1.0
1094;21.1;0.0;0.0;0.0;0.0;0.0;0.0;0.0;0.0;0.0;1.0
1095;21.12;0.0;0.0;0.0;0.0;0.0;0.0;0.0;0.0;0.0;1.0
1096;21.13;0.0;0.0;0.0;0.0;0.0;0.0;0.0;0.0;0.0;1.0
1097;21.14;0.0;0.0;0.0;0.0;0.0;0.0;0.0;0.0;0.0;1.0
1098;21.15;0.0;0.0;0.0;0.0;0.0;0.0;0.0;0.0;0.0;1.0
1099;21.16;0.0;0.0;0.0;0.0;0.0;0.0;0.0;0.0;0.0;1.0
1100;21.17;0.0;0.0;0.0;0.0;0.0;0.0;0.0;0.0;0.0;1.0
1101;21.18;0.0;0.0;0.0;0.0;0.0;0.0;0.0;0.0;0.0;1.0
1102;21.19;0.0;0.0;0.0;0.0;0.0;0.0;0.0;0.0;0.0;1.0
1103;21.2;0.0;0.0;0.0;0.0;0.0;0.0;1.0;0.0;0.0;1.0
1104;21.21;0.0;0.0;0.0;0.0;0.0;0.0;1.0;0.0;0.0;1.0
1105;21.22;0.0;0.0;0.0;0.0;0.0;0.0;1.0;0.0;0.0;1.0
1106;21.23;0.0;0.0;0.0;0.0;0.0;0.0;1.0;0.0;0.0;1.0
1107;21.24;0.0;0.0;0.0;0.0;0.0;0.0;1.0;0.0;0.0;1.0
1108;21.25;0.0;0.0;0.0;0.0;0.0;0.0;1.0;0.0;0.0;1.0
1109;21.26;0.0;0.0;0.0;0.0;0.0;0.0;1.0;0.0;0.0;1.0
1110;21.27;0.0;0.0;0.0;0.0;0.0;0.0;1.0;0.0;0.0;1.0
1111;21.28;0.0;0.0;0.0;0.0;0.0;0.0;1.0;0.0;0.0;1.0
1112;21.29;0.0;0.0;0.0;0.0;0.0;0.0;1.0;0.0;0.0;1.0
1113;21.3;0.0;0.0;0.0;0.0;0.0;0.0;1.0;0.0;0.0;1.0
1114;21.32;0.0;0.0;0.0;0.0;0.0;0.0;1.0;0.0;0.0;1.0
1115;21.33;0.0;0.0;0.0;0.0;0.0;0.0;1.0;0.0;0.0;1.0
1116;21.34;0.0;0.0;0.0;0.0;0.0;0.0;1.0;0.0;0.0;1.0
1117;21.35;0.0;0.0;0.0;0.0;0.0;0.0;1.0;0.0;0.0;1.0
1118;21.36;0.0;0.0;0.0;0.0;0.0;0.0;1.0;0.0;0.0;1.0
1119;21.37;0.0;0.0;0.0;0.0;0.0;0.0;1.0;0.0;0.0;1.0
1120;21.38;0.0;0.0;0.0;0.0;0.0;0.0;1.0;0.0;0.0;1.0
1121;21.39;0.0;0.0;0.0;0.0;0.0;0.0;1.0;0.0;0.0;1.0
1122;21.4;0.0;0.0;0.0;0.0;0.0;0.0;1.0;0.0;0.0;1.0
1123;21.42;0.0;0.0;0.0;0.0;0.0;0.0;1.0;0.0;0.0;1.0
1124;21.43;0.0;0.0;0.0;0.0;0.0;0.0;1.0;0.0;0.0;1.0
1125;21.44;0.0;0.0;0.0;0.0;0.0;0.0;1.0;0.0;0.0;1.0
1126;21.45;0.0;0.0;0.0;0.0;0.0;0.0;1.0;0.0;0.0;1.0
1127;21.46;0.0;0.0;0.0;0.0;0.0;0.0;1.0;0.0;0.0;1.0
1128;21.47;0.0;0.0;0.0;0.0;0.0;0.0;1.0;0.0;0.0;1.0
1129;21.48;0.0;0.0;0.0;0.0;0.0;0.0;1.0;0.0;0.0;1.0
1130;21.49;0.0;0.0;0.0;0.0;0.0;0.0;1.0;0.0;0.0;1.0
1131;21.5;0.0;0.0;0.0;0.0;0.0;0.0;1.0;0.0;0.0;1.0
1132;21.51;0.0;0.0;0.0;0.0;0.0;0.0;1.0;0.0;0.0;1.0
1133;21.52;0.0;0.0;0.0;0.0;0.0;0.0;1.0;0.0;0.0;1.0
1134;21.53;0.0;0.0;0.0;0.0;0.0;1.0;1.0;0.0;1.0;1.0
1135;21.54;0.0;0.0;0.0;0.0;0.0;0.0;1.0;0.0;0.0;1.0
1136;21.55;0.0;0.0;0.0;0.0;0.0;0.0;1.0;0.0;0.0;1.0
1137;21.56;0.0;0.0;0.0;0.0;0.0;0.0;1.0;0.0;0.0;1.0
1138;21.57;0.0;0.0;0.0;0.0;0.0;0.0;1.0;0.0;0.0;1.0
1139;21.58;0.0;0.0;0.0;0.0;0.0;0.0;1.0;0.0;0.0;1.0
1140;21.59;0.0;0.0;0.0;0.0;0.0;0.0;1.0;0.0;0.0;1.0
1141;21.6;0.0;0.0;0.0;0.0;0.0;0.0;1.0;0.0;0.0;1.0
1142;21.7;0.0;0.0;0.0;0.0;0.0;0.0;1.0;0.0;0.0;1.0
1143;21.8;0.0;0.0;0.0;0.0;0.0;0.0;1.0;0.0;0.0;1.0
1144;21.9;0.0;0.0;0.0;0.0;0.0;0.0;1.0;0.0;0.0;1.0
1145;22.0;0.0;0.0;0.0;0.0;0.0;0.0;1.0;0.0;0.0;1.0
1146;22.1;0.0;0.0;0.0;0.0;0.0;0.0;1.0;0.0;0.0;1.0
1147;22.11;0.0;0.0;0.0;0.0;0.0;0.0;1.0;0.0;0.0;1.0
1148;22.12;0.0;0.0;0.0;0.0;0.0;0.0;1.0;0.0;0.0;1.0
1149;22.13;0.0;0.0;0.0;0.0;0.0;0.0;1.0;0.0;0.0;1.0
1150;22.14;0.0;0.0;0.0;0.0;0.0;0.0;1.0;0.0;0.0;1.0
1151;22.15;0.0;0.0;0.0;0.0;0.0;0.0;1.0;0.0;0.0;1.0
1152;22.16;0.0;0.0;0.0;0.0;0.0;0.0;1.0;0.0;0.0;1.0
1153;22.17;0.0;0.0;0.0;0.0;0.0;0.0;1.0;0.0;0.0;1.0
1154;22.18;0.0;0.0;0.0;0.0;0.0;0.0;1.0;0.0;0.0;1.0
1155;22.19;0.0;0.0;0.0;0.0;0.0;0.0;1.0;0.0;0.0;1.0
1156;22.2;0.0;0.0;0.0;0.0;0.0;0.0;1.0;0.0;0.0;1.0
1157;22.21;0.0;0.0;0.0;0.0;0.0;0.0;1.0;0.0;0.0;1.0
1158;22.22;0.0;0.0;0.0;0.0;0.0;0.0;1.0;0.0;0.0;1.0
1159;22.23;0.0;0.0;0.0;0.0;0.0;0.0;1.0;0.0;0.0;1.0
1160;22.24;0.0;0.0;0.0;0.0;0.0;0.0;1.0;0.0;0.0;1.0
1161;22.25;0.0;0.0;0.0;0.0;0.0;0.0;1.0;0.0;0.0;1.0
1162;22.26;0.0;0.0;0.0;0.0;0.0;0.0;1.0;0.0;0.0;1.0
1163;22.27;0.0;0.0;0.0;0.0;0.0;0.0;1.0;0.0;0.0;1.0
1164;22.28;0.0;0.0;0.0;0.0;0.0;0.0;1.0;0.0;0.0;1.0
1165;22.29;0.0;0.0;0.0;0.0;0.0;0.0;1.0;0.0;0.0;1.0
1166;22.3;0.0;0.0;0.0;0.0;0.0;0.0;1.0;0.0;0.0;1.0
1167;22.31;0.0;0.0;0.0;0.0;0.0;0.0;1.0;0.0;0.0;1.0
1168;22.32;0.0;0.0;0.0;0.0;0.0;0.0;1.0;0.0;0.0;1.0
1169;22.33;0.0;0.0;0.0;0.0;0.0;0.0;1.0;0.0;0.0;1.0
1170;22.34;0.0;0.0;0.0;0.0;0.0;0.0;1.0;0.0;0.0;1.0
1171;22.36;0.0;0.0;0.0;0.0;0.0;0.0;1.0;0.0;0.0;1.0
1172;22.37;0.0;0.0;0.0;0.0;0.0;0.0;1.0;0.0;0.0;1.0
1173;22.38;0.0;0.0;0.0;0.0;0.0;0.0;1.0;0.0;0.0;1.0
1174;22.4;0.0;0.0;0.0;0.0;0.0;0.0;1.0;0.0;0.0;1.0
1175;22.41;0.0;0.0;0.0;0.0;0.0;0.0;1.0;0.0;0.0;1.0
1176;22.42;0.0;0.0;0.0;0.0;0.0;0.0;1.0;0.0;0.0;1.0
1177;22.43;0.0;0.0;0.0;0.0;0.0;0.0;1.0;0.0;0.0;1.0
1178;22.44;0.0;0.0;0.0;0.0;0.0;0.0;1.0;0.0;0.0;1.0
1179;22.45;0.0;0.0;0.0;0.0;0.0;0.0;1.0;0.0;0.0;1.0
1180;22.46;0.0;0.0;0.0;0.0;0.0;0.0;1.0;0.0;0.0;1.0
1181;22.47;0.0;0.0;0.0;0.0;0.0;0.0;1.0;0.0;0.0;1.0
1182;22.48;0.0;0.0;0.0;0.0;0.0;0.0;1.0;0.0;0.0;1.0
1183;22.49;0.0;0.0;0.0;0.0;0.0;0.0;1.0;0.0;0.0;1.0
1184;22.5;0.0;0.0;0.0;0.0;0.0;0.0;1.0;0.0;0.0;1.0
1185;22.51;0.0;0.0;0.0;0.0;0.0;0.0;1.0;0.0;0.0;1.0
1186;22.53;0.0;0.0;0.0;0.0;0.0;0.0;1.0;0.0;0.0;1.0
1187;22.54;0.0;0.0;0.0;0.0;0.0;0.0;1.0;0.0;0.0;1.0
1188;22.58;0.0;0.0;0.0;0.0;0.0;0.0;1.0;0.0;0.0;1.0
1189;22.59;0.0;0.0;0.0;0.0;0.0;0.0;1.0;0.0;0.0;1.0
1190;22.6;0.0;0.0;0.0;0.0;0.0;0.0;1.0;0.0;0.0;1.0
1191;22.7;0.0;0.0;0.0;0.0;0.0;0.0;1.0;0.0;0.0;1.0
1192;22.8;0.0;0.0;0.0;0.0;0.0;0.0;1.0;0.0;0.0;1.0
1193;22.9;0.0;0.0;0.0;0.0;0.0;0.0;1.0;0.0;0.0;1.0
1194;23.1;0.0;0.0;0.0;0.0;0.0;0.0;1.0;0.0;0.0;1.0
1195;23.11;0.0;0.0;0.0;0.0;0.0;0.0;1.0;0.0;0.0;1.0
1196;23.12;0.0;0.0;0.0;0.0;0.0;0.0;1.0;0.0;0.0;1.0
1197;23.13;0.0;0.0;0.0;0.0;0.0;0.0;1.0;0.0;0.0;1.0
1198;23.15;0.0;0.0;0.0;0.0;0.0;0.0;1.0;0.0;0.0;1.0
1199;23.16;0.0;0.0;0.0;0.0;0.0;0.0;1.0;0.0;0.0;1.0
1200;23.18;0.0;0.0;0.0;0.0;0.0;0.0;1.0;0.0;0.0;1.0
1201;23.2;0.0;0.0;0.0;0.0;0.0;0.0;1.0;0.0;0.0;1.0
1202;23.21;0.0;0.0;0.0;0.0;0.0;0.0;1.0;0.0;0.0;1.0
1203;23.22;0.0;0.0;0.0;0.0;0.0;0.0;1.0;0.0;0.0;1.0
1204;23.23;0.0;0.0;0.0;0.0;0.0;0.0;1.0;0.0;0.0;1.0
1205;23.24;0.0;0.0;0.0;0.0;0.0;0.0;1.0;0.0;0.0;1.0
1206;23.25;0.0;0.0;0.0;0.0;0.0;0.0;1.0;0.0;0.0;1.0
1207;23.26;0.0;0.0;0.0;0.0;0.0;0.0;0.0;0.0;0.0;1.0
1208;23.27;0.0;0.0;0.0;0.0;0.0;0.0;0.0;0.0;0.0;1.0
1209;23.28;0.0;0.0;0.0;0.0;0.0;0.0;0.0;0.0;0.0;1.0
1210;23.29;0.0;0.0;0.0;0.0;0.0;0.0;0.0;0.0;0.0;1.0
1211;23.3;0.0;0.0;0.0;0.0;0.0;0.0;0.0;0.0;0.0;1.0
1212;23.33;0.0;0.0;0.0;0.0;0.0;0.0;0.0;0.0;0.0;1.0
1213;23.34;0.0;0.0;0.0;0.0;0.0;0.0;0.0;0.0;0.0;1.0
1214;23.35;0.0;0.0;0.0;0.0;0.0;0.0;0.0;0.0;0.0;1.0
1215;23.37;0.0;0.0;0.0;0.0;0.0;0.0;0.0;0.0;0.0;1.0
1216;23.38;0.0;0.0;0.0;0.0;0.0;0.0;0.0;0.0;0.0;1.0
1217;23.39;0.0;0.0;0.0;0.0;0.0;0.0;0.0;0.0;0.0;1.0
1218;23.4;0.0;0.0;0.0;0.0;0.0;0.0;0.0;0.0;0.0;1.0
1219;23.41;0.0;0.0;0.0;0.0;0.0;0.0;0.0;0.0;0.0;1.0
1220;23.42;0.0;0.0;0.0;0.0;0.0;0.0;0.0;0.0;0.0;1.0
1221;23.43;0.0;0.0;0.0;0.0;0.0;0.0;0.0;0.0;0.0;1.0
1222;23.44;0.0;0.0;0.0;0.0;0.0;0.0;0.0;0.0;0.0;1.0
1223;23.45;0.0;0.0;0.0;0.0;0.0;0.0;0.0;0.0;0.0;1.0
1224;23.47;0.0;0.0;0.0;0.0;0.0;0.0;0.0;0.0;0.0;1.0
1225;23.48;0.0;0.0;0.0;0.0;0.0;0.0;0.0;0.0;0.0;1.0
1226;23.5;0.0;0.0;0.0;0.0;0.0;0.0;0.0;0.0;0.0;1.0
1227;23.51;0.0;0.0;0.0;0.0;0.0;0.0;0.0;0.0;0.0;1.0
1228;23.52;0.0;0.0;0.0;0.0;0.0;0.0;0.0;0.0;0.0;1.0
1229;23.53;0.0;0.0;0.0;0.0;0.0;0.0;0.0;0.0;0.0;1.0
1230;23.54;0.0;0.0;0.0;0.0;0.0;0.0;0.0;0.0;0.0;1.0
1231;23.55;0.0;0.0;0.0;0.0;0.0;0.0;0.0;0.0;0.0;1.0
1232;23.57;0.0;0.0;0.0;0.0;0.0;0.0;0.0;0.0;0.0;1.0
1233;23.58;0.0;0.0;0.0;0.0;0.0;0.0;0.0;0.0;0.0;1.0
1234;23.59;0.0;0.0;0.0;0.0;0.0;0.0;0.0;0.0;0.0;1.0
1235;23.6;0.0;0.0;0.0;0.0;0.0;0.0;0.0;0.0;0.0;1.0
1236;23.7;0.0;0.0;0.0;0.0;0.0;0.0;0.0;0.0;0.0;1.0
1237;23.8;0.0;0.0;0.0;0.0;0.0;0.0;0.0;0.0;0.0;1.0
1238;23.9;0.0;0.0;0.0;0.0;0.0;0.0;0.0;0.0;0.0;1.0
